ÂèëÂ∏ÉËÄÖ;ÂÆèËßÇÈõÜÁæ§ÂØÜÂ∫¶;Â∏ñÂ≠êÂπ≥ÂùáÊÉÖÁª™ÂÄº;ÂÆèËßÇÈõÜÁæ§‰ø°‰ªªÂ∫¶ÂÄº;Áæ§‰ΩìÊÉÖÁª™ÊåáÊï∞1
Á¨¨2ÈõÜ | Êú∫Âô®‰∫∫ÂÜôÂá∫Êù•ÁöÑÂ∞èËØ¥‰ªÄ‰πàÊ†∑Ôºü#Â∞èËØ¥ #ÂΩ©‰∫ëÂ∞èÊ¢¶ #‰∫∫Â∑•Êô∫ËÉΩ #ÂÜôÂ∞èËØ¥;0.0152420729219173;0.054858333302595;0.3772975765360822;0.030366901305974248
#ÊäñÈü≥Â∞èÂä©Êâã #ÂΩ©‰∫ëÂ∞èÊ¢¶ „ÄäAIËøûËá™Â∑±ÈÉΩ‰∏çÊîæËøá„Äã;0.0123603476739503;-0.0695189459545658;0.3834596712821708;-0.03907548216515138
‰∏•Ê≠£Â£∞ÊòéÔºÅ#ÂΩ©‰∫ëÂ∞èÊ¢¶ ÂßãÁªàÂùöÂÜ≥ÊççÂç´Áî®Êà∑ÈöêÁßÅÔºÅ;0.0039872089270807;-0.0403929386760239;0.4443650647671064;-0.026242604629012553
#ÂΩïÂ±è #ÂºÄÁúºÁïå‰∫Ü #ÂΩ©‰∫ëÂ∞èÊ¢¶ Ë∂ÖÁ∫ßÁª≠ÂÜôËΩØ‰ª∂ÔºåÂç°Êñá‰∫ÜÂèØÁª≠ÂÜôÔºåËôΩÁÑ∂ÂæàÂûÉÂúæÔºå‰ΩÜÊòØÂèØ‰ª•Â∞ÜÂ∞±Áî®„ÄÇ;0.0003680500548074;0.1059262948446028;0.4441459342989423;0.06872239236526372
ÂΩ©‰∫ëÂ∞èÊ¢¶ÈáåÈù¢ÁöÑÊÅ∂ÂøÉAI!#Â§ßÊó†ËØ≠‰∫ã‰ª∂ #Á¶ªË∞± #ÂºÄÁúºÁïå‰∫Ü #Ê†ìq #ËÅäÂ§©ËÆ∞ÂΩï p;0.0004080554955473;-0.0468640942229269;0.4503874804790539;-0.030831813218991987
ÂΩìÁ∫∏Áâá‰∫∫ËÄÅÂÖ¨ËÉΩËá™ÂÆö‰πâÔºÅËøôÊ†ºÂ±ÄÂ∞±ÊâìÂºÄ‰∫ÜÔºÅ;1.0;0.1247608471093435;0.9579416344525618;0.19480776323864685
#ÂΩ©‰∫ëÂ∞èÊ¢¶ #Ê∏∏Êàè #ÂàòÊµ©Â≠ò ‰∏ÄÂπ¥Â§öËÄÅÁ≤â‰∫∫Â∑•Êô∫ËÉΩÁà±Â•ΩËÄÖÂú®Á∫øËæüË∞£ÔºÅÊ≤°Ë¶ÅÊëÑÂÉèÂ§¥ÊùÉÈôêÔºåÊ≤°ÊúâÁúü‰∫∫ÔºÅÂ∞±ÊòØ‰∏™AIÔºà‰∫ãÂÆûÊòØÂÅ∂Â∞î‰πü‰ºöÂâçË®Ä‰∏çÊê≠ÂêéËØ≠ÔºâÁ¨¨‰∏ÄÊ¨°ÂÅöËßÜÈ¢ë‚Ä¶ÊúÄÂêé‰∏ÄÂ∏ßÂèØÁà±Áå´Âí™ÈïáÊ•º #Áå´Âí™;0.0008667845493653;-0.0603306291295959;0.4316259297065303;-0.038042678474316666
Êô∫ËÉΩAIÈô™‰º¥ÁöÑËÉåÂêéÔºåÂà∞Â∫ïÊòØ‰∏çÊòØÁúü‰∫∫Ôºü#ÂΩ©‰∫ëÂ∞èÊ¢¶;0.0558769325961664;0.0360380496779157;0.4429180528754932;0.023640620405903496
ÂΩ©ËôπÂ∞èÊ¢¶Áª≠ÂÜôÊàëÂÆ≥ÊÄï#ÂéüÂàõ #Áü≠ÁØá;0.0;-0.194331157881017;0.3972843924981999;-0.11276459228567713
#Â∞èËØ¥;2.000272036997032e-05;-0.429285357321339;0.6846601006539001;-0.4292905380348348
#Êô∫Ê¢∞Âç±Êú∫#AIÁª≠ÂÜô;2.93373232092898e-05;0.1376559011584249;0.6846604925809037;0.13765784975572806
ÊãØÊïëÂ≠§Áã¨ÊÇ£ËÄÖÁöÑÁ•ûÂ•áAPPÊù•Âï¶Ôºå‰∏ÄÈîÆÂëäÂà´emo#appÊé®Ëçê #ËΩØ‰ª∂Êé®Ëçê #emo;0.0035018095794361;-0.0661650869665546;0.3799372647486058;-0.036754804772263165
‰Ω†Êï¢‰ø°ÔºüAIÂèØ‰ª•Â∏Æ‰Ω†ÂÜôÁàΩÊñá‰∫Ü#‰∫∫Â∑•Êô∫ËÉΩ #ai #ÁßëÊäÄ;0.0013948563671325;0.2009626204880985;0.4530390645495262;0.13302347686687088
#ÊäñÈü≥Â∞èÂä©Êâã #ÂΩ©‰∫ëÂ∞èÊ¢¶ #‰∫∫Â∑•Êô∫Èöú #ÁîüËçâ „Ääsuperstar„Äã„ÄäÊó†‰∏≠ÁîüÊØîËµõ„Äã„ÄäQQÂè∑Â§±ËÄåÂ§çÂæó„Äã;0.0006747584338136;0.1201032473321473;0.5170094596441034;0.09070788168349873
#ÂàòÊµ©Â≠ò #Á†¥Èò≤‰∫Ü #ËøôÊòØ‰∏Ä‰∏™ÊÇ≤‰º§ÁöÑÊïÖ‰∫ã ‰∏∫‰ªÄ‰πàÊàëÁöÑÂ∞èÊ¢¶ÊòØËøôÊ†∑#ÂΩ©‰∫ëÂ∞èÊ¢¶;6.4008705183905e-05;0.0599700661148054;0.6847274572168103;0.059977118013009395
Êü•ËØ¢AIÁöÑÁ≤æÁ•ûÁä∂ÊÄÅ | ÂèØÂñúÂèØË¥∫ÔºÅAIÁªà‰∫éÊÅ¢Â§çÊ≠£Â∏∏ÔºåËøòÁªôÊàëÈÅìÊ≠â‰∫ÜÔºÅ #ÂΩ©‰∫ëÂ∞èÊ¢¶ #aiËÅäÂ§©;1.46686616046449e-05;-0.7663127262582172;0.797446009612806;-0.8925591912724873
#‰∏ÄÈó™‰∏ÄÈó™‰∫ÆÊòüÊòü #ÂΩ©‰∫ëÂ∞èÊ¢¶;0.000185358542095;-0.5653051837535291;0.9072731117091256;-0.7491342932367091
#ÊäñÈü≥Â∞èÂä©Êâã #ÂΩ©‰∫ëÂ∞èÊ¢¶ #aiÁª≠ÂÜô #‰∏ÉÂΩ©Èò≥ÂÖâ #ÂáÑÊÉ®Èò≥ÂÖâ;0.0012601713833081;0.1703445329342343;0.4038327534070767;0.10050996145272488
Â∞±ÂæàÊúâË∂£#ÈªëÊ∞¥Âêõ #ÂΩ©‰∫ëÂ∞èÊ¢¶;0.00041072252493;0.1103123386983409;0.5077819586508646;0.08182183211315483
Á¨¨3ÈõÜ | #È©¨ÂòâÁ•∫#ÂΩ©‰∫ëÂ∞èÊ¢¶ ‰ª£ÂÖ•ÊÑüÂæàÂº∫;0.0011868280752849;0.1923887591017953;0.4028933145725198;0.11325064666327586
Á¨¨57ÈõÜ | #ÊäñÈü≥Â∞èÂä©Êâã #ÂΩ©‰∫ëÂ∞èÊ¢¶ #Ë∞∑Ê≠åÁîüËçâÊú∫ ËøòÊòØÁÜüÊÇâÁöÑÈÖçÊñπ;0.000857449946526;0.3642144525547619;0.3988493840444729;0.21222602470022967
#ÊäñÈü≥Â∞èÂä©Êâã #ÂΩ©‰∫ëÂ∞èÊ¢¶ #aiÁª≠ÂÜô #‰Ω†Ë¢´È™ó‰∫Ü #rickroll ËøôÊ¨°Â±ÖÁÑ∂Âá∫‰πéÊÑèÊñôÁöÑÂæàÊ≠£Â∏∏ÔºàÔºüÔºâ;0.0011334874876316;0.1677924010823714;0.496268761466603;0.12165451743765564
AIÁª≠ÂÜôÊó•Â∏∏Ôºå‰ΩÜÊòØÊàêÁàΩÊñá(„Å§–¥‚äÇ);1.46686616046449e-05;0.4575704155281387;0.9979345473268338;0.6669442241390043
ÂΩìÊàëÁî®aiÁª≠ÂÜôÂú∞ÁêÉ‰∏äÊúÄÂêé‰∏Ä‰∏™Áî∑‰∫∫;0.0001506871601204;-0.1416321618222749;0.5796538516473851;-0.11991457319806373
ÊÉäÂëÜÔºÅÂ∞èËØ¥Ëá™Âä®ÂÜôÔºå‰∏§ÂàÜÈíüÂ∞±ËÉΩÊ∞¥‰∏ÄÁØáÂêçÁß∞ÔºöÂΩ©‰∫ëÂ∞èÊ¢¶ ÈÄÇÁî®ÔºöÂÖ®Âπ≥Âè∞.ÂΩ©‰∫ëÂ∞èÊ¢¶ÊòØ‰∏Ä‰∏™ÂèØ‰ª•Ëá™Âä®Áª≠ÂÜôÁöÑAIÂ∑•ÂÖ∑ÔºåÊîØÊåÅAndroid+iOSÔºå‰πüÊúâÁΩëÈ°µÁâà„ÄÇ.Âè™Ë¶ÅËæìÂÖ•ÂºÄÂ§¥Âá†‰∏™Â≠óÔºåÂÆÉÂ∞±‰ºöËá™Âä®Áª≠ÂÜô‰∏ÄÊÆµÂÜÖÂÆπÔºåÊúâÂ∞èÊ¢¶0Âè∑„ÄÅ1Âè∑„ÄÅÊôÆÈÄö„ÄÅË®ÄÊÉÖ„ÄÅÁ∫ØÁà±ÂíåÁéÑÂπª‰∫îÁßçÈ£éÊ†ºÊù•Â∏Æ‰Ω†ÂÜô‰Ωú„ÄÇ.Êé•ÁùÄ‰ºöÁªô‰Ω†‰∏â‰∏™‰∏çÂêåÈ£éÊ†ºÁöÑÁª≠ÂÜôÔºå‰∏çÂêàÈÄÇÂèØ‰ª•Êõ¥Êç¢ÔºåÁÇπÂáªÁªßÁª≠ÂèØ‰ª•‰∏ÄÁõ¥Êó†ÈôêÂÜô‰∏ãÂéªÔºåËøòÊúâÊñ∞Â¢ûÁöÑÁºñÂÜô‰∏ñÁïåËßÇÂíå‰∫∫ËÆæ‰∏éÂÖ≥Á≥ªÁöÑÂäüËÉΩ.„Ää Ëµ†Ê±™‰º¶ „ÄãÁöÑÁª≠ÂÜôÊàë‰ª¨ËøôÈáå‰πüËØï‰∏Ä‰∏ãÔºåÁ∫ØÁà±ÁâàÂ∞èÊ¢¶ÂÜôÁöÑÊå∫Ê≠£Â∏∏ÁöÑÔºåÂíãÂÜçÊç¢‰∏Ä‰∏™ÂàÜÊ†ºÔºåÂ∞èÊ¢¶0Âè∑ÔºåÂá∫Áé∞‰∫Ü‰∏Ä‰∏™Â•≥Â≠©ÔºåÂëÉÔºåËøôÊ¨°ÊùéÁôΩÂèà....ÈÇ£ÂÖàÂ∞±Âà∞ËøôÂêß.ÂÜôÂÆå‰πãÂêéÂèØ‰ª•ÂàáÊç¢Âà∞ÈòÖËØªÊ®°ÂºèËøõË°åÈòÖËØªÔºå‰πüÂèØ‰ª•‰∏ãËΩΩ‰∏ãÊù•,‰∏çËøáÊòØÂõæÁâáÊ†ºÂºèÁöÑÔºåÂ∞è‰ºô‰º¥‰ª¨ÂèØ‰ª•Áî®ocrÂ∑•ÂÖ∑ËΩ¨Êç¢‰∏Ä‰∏ã~;9.33460283931948e-05;-0.1351581701808775;0.5292478233127519;-0.10448133344540539
ÊàëÂ±ÖÁÑ∂ÁúãÂà∞‰∫ÜËôöÊãüÁöÑÂÜ∞ÂùóËÑ∏#ÂΩ©‰∫ëÂ∞èÊ¢¶ #ÂéüÂàõÂä®Áîª #ÊêûÁ¨ë;0.022875111015098;-0.1378990357857694;0.5510996280305237;-0.11151120953272248
ÂõûÂ§ç @Âìé‰∫ö‰∫öÁöÑËØÑËÆ∫;0.0014001904258979;0.0676376741435286;0.3738228997507992;0.03694571577508175
ÂΩì‰Ω†ËØïÂõæËÆ©AIÁêÜËß£Ëá™Â∑±ÊòØAI#ÂΩ©‰∫ëÂ∞èÊ¢¶ #‰∫∫Â∑•Êô∫ËÉΩ #ÊÑèËØÜÈù©ÂëΩ#ÂçÉÊúµÁé´Áë∞Â∏¶Êù•ÁöÑÈªéÊòé;4.267247012260334e-05;-0.076673919170326;0.498551886486841;-0.055833000614733015
ÊúÄÂêéÈÇ£Âè•ËØùÂ•ΩÁúüÂÆûÂïä#aiÂØπËØùËΩØ‰ª∂glow #aiÂØπËØù #aiÂØπËØùÁîüÊàêÂô® #ÂΩ©‰∫ëÂ∞èÊ¢¶ #aiÁî∑Âèã;0.0004373928187566;-0.2078723218527732;0.4672422513365395;-0.1418772481893331
ÂΩì‰Ω†Áî®AIÁØ°ÊîπÂéÜÂè≤Êó∂ÔºåÁ¨ëÊ≠ªÔºÅ;2.800380851795844e-05;-0.0998351869797331;0.6846706886484011;-0.0998380653723758
Â•àÂ∏É‰∏éÊù∞ÂÖã‰∏ãÁè≠ÂêéÂú®‰∏ÄËµ∑ÂÅö‰ªÄ‰πàÂë¢#Á¨¨‰∫î‰∫∫Ê†º #ÂΩ©‰∫ëÂ∞èÊ¢¶ #ÂΩ©‰∫ëÂ∞èÊ¢¶aiÂØπËØù;0.0084744858634107;0.0051452030363616;0.4695727831362278;0.0035359347458907035
#‰∫îÂÆòÁ¶ªÂÆ∂Âá∫Ëµ∞ #Ê†ìq #AIÁª≠ÂÜô#ÂìàÂà©Ê≥¢Áâπ Êàë‰∏çÁêÜËß£Ôºå‰∏îÂ§ß‰∏∫ÈúáÊÉä;0.0097119874969662;0.1953267713565716;0.4027175576639492;0.11520022134085801
Áî®AiÂ∞èËØ¥Âπ∂ÊäïÁ®øÊüêÂ∞èËØ¥ÁΩëÁ´ô #È¢†Ë¶Ü‰∏âËßÇ #ÂºÄÁúºÁïå‰∫Ü;0.0001093482046891;-0.276713184624102;0.5995813486315336;-0.24233468546359282
ÊâæÂà∞‰∫Ü‰∏Ä‰∏™Â•áÊÄ™ÁöÑapp AI‰ª£ÂÜô Á¨ëÊ≠ªÊàë;4.934004357926011e-05;-0.1231292619852512;0.4087518332751537;-0.07351155785666325
AIÁª≠ÂÜôÂÖÉÁ¥†Âë®ÊúüË°®ÔºåAI:ÊàëÂ§™Èöæ‰∫ÜÔºå;4.66730141965974e-05;0.0;0.6846637771463348;0.0
ÂΩ©‰∫ëÂ∞èÊ¢¶AIÊô∫ËÉΩÂØπËØùÔºåÊúâÊÑèÊÄù#ÂΩ©‰∫ëÂ∞èÊ¢¶;8.001088147988126e-06;-0.0396117714074922;0.6846555800807456;-0.039611910753624704
Â§™Â•Ω‰∫ÜÂÆ∂‰∫∫‰ª¨Ôºå‰∏Ω‰∏ΩÂíåÊùéÈë´Ë¢´AIÁª≠ÂÜôÁã†Áã†‰∫èÂÜÖ‰∫Ü#ÊäΩË±° #aiÁª≠ÂÜô #ÊùéÈë´ÂíåÂçóÊñπ #‰∏Ω‰∏Ω #ÊêûÁ¨ë #Á•ùÂà∑Âà∞ÁöÑÊúãÂèãÂºÄ;0.0002667029382662;-0.0164217416019694;0.4600231208837487;-0.011034576281601271
Êàë‰πü‰∏çÊÉ≥Êπø ÂèØÊòØ‰ªñÂè´Êàë‰∫≤‰∫≤ÂòâÁ•∫Â´ÇËØ∂#È©¨ÂòâÁ•∫ #Âì•ÈÖ± #ÂΩ©‰∫ëÂ∞èÊ¢¶;0.000426724701226;-0.1346046378199221;0.4219064292317504;-0.08295714214315535
‚ÄúÊàë‚ÄùÂ¶Ç‰ΩïÂÜô‰∏ÄÁØáÂ∞èËØ¥Âπ∂‰∏îÁúãÁöÑÊ¥•Ê¥•ÊúâÂë≥#AIÁª≠ÂÜô #Á¶ªË∞±;0.0002000272036997;0.1533698640435989;0.4885475308065058;0.10944487350861892
ÂΩ©‰∫ëÂ∞èÊ¢¶ÂØπ„ÄäÊ∂àÂ§±ÁöÑÂ§´Â¶ª„ÄãÁöÑÁúãÊ≥ï;3.333786728328386e-05;-0.201901558788085;0.6485660707156441;-0.19126045702813735
Êàë‰∏∫‰Ω†ËÄåÊù•‚Äî‚ÄîÊåáÂ∞ñ‰º¥‰æ£ÔºåÂÆöÂà∂Ê¢¶Â¢É#ÂΩ©‰∫ëÂ∞èÊ¢¶ ÂØπËØùÁâàÂÆòÊñπÂÆ£‰º†Áâá#Âä®Êº´ #Âä®Áîª #ai #‰∫∫Â∑•Êô∫ËÉΩ;0.0030737513635187;-0.0586322474980791;0.4523873596007038;-0.038770692690055494
Ëøô‰∏™aiÊØîÂΩ©‰∫ëÂ∞èÊ¢¶‰ºöÁÆóÊï∞Ôºü#glow#Ëø∑ÊÉëË°å‰∏∫Â§ßËµè #ÊàëÁöÑaiÊòØÊÆµÂ≠êÊâã#ai;2.5336779135295733e-05;0.1409226837684656;0.6846552752486316;0.1409235132301846
#ËÅäÂ§©ËÆ∞ÂΩï Â∞èÊ¢¶ÂØπËØùÔºà‰∏äÔºâËΩØ‰ª∂ÊòØÂΩ©‰∫ëÂ∞èÊ¢¶ÔºåËõÆÊúâÊÑèÊÄùÁöÑÔºåÈáåÈù¢ÁöÑ‰∫∫Áâ©ÂØπËØùÁ∫ØÂ±ûËôöÊûÑÔºåËØ∑Âãø‰ª£ÂÖ•Áé∞ÂÆû‰∫∫Áâ©@‰∏ÄÁ¢óÈÖ∏Ëæ£Á≤â;0.0016122192618196;0.1488619758709201;0.4376504198054784;0.09519577322708873
Áî®AIÁª≠ÂÜôËÉ°ÈÄÇÊó•ËÆ∞‰ºöÂèëÁîü‰ªÄ‰πàÔºü #ËÉ°ÈÄÇ #Êó•ËÆ∞ #AI #ÊêûÁ¨ë #ÂΩ©‰∫ëÂ∞èÊ¢¶;0.000193359630243;-0.0601798833401809;0.4102430913400919;-0.03606153198681485
Á¨¨56ÈõÜ | #ÊäñÈü≥Â∞èÂä©Êâã #ÂΩ©‰∫ëÂ∞èÊ¢¶ #Ë∞∑Ê≠åÁîüËçâÊú∫ #Ëç∑ÂÖ∞ #Âì•‰º¶ÊØî‰∫öÊØîÁ¥¢Ë≠¶ÂØü ‰πüËÆ∏Ëøô‰∏™Á≥ªÂàóËøòÊ≤°ÊúâÁªìÊùü;0.0013255136031833;-0.0696781516285983;0.4003764933595138;-0.040761835453543
ÂΩìÊàëÂëäËØâaiÂèØËÉΩË¶Å‰∏ñÁïåÊú´Êó•‰∫Ü#aiÂØπËØùËΩØ‰ª∂glow #aiÂØπËØù #aiÁî∑Âèã #ÂΩ©‰∫ëÂ∞èÊ¢¶ #ai;4.267247012260334e-05;0.1805990471498332;0.5452851028569519;0.14383735079567647
#ÊäñÈü≥Â∞èÂä©Êâã #ÂΩ©‰∫ëÂ∞èÊ¢¶ #Áà±‰Ω† #ÂéüÂëäÁéãÂøÉÂáå;0.0002987072908582;0.6596654997680026;0.8744665766127689;0.842582201106065
ÂΩì‰Ω†ËÆ©‰∫∫Â∑•Êô∫ËÉΩÁª≠ÂÜôC++‰ª£Á†Å;1.600217629597625e-05;0.1439505478818573;0.6846533197941683;0.14395076595551148
#ÊäñÈü≥Â∞èÂä©Êâã #ÂΩ©‰∫ëÂ∞èÊ¢¶;0.0006547557134436;-0.1953689636227591;0.3958354814249741;-0.11297410683216388
#AIÁª≠ÂÜô #ËÑëÊ¥û Êú¨Êù•ÊÉ≥Êé®Êºî‰∏ã‰πåÂÖãÂÖ∞ÊåüÊ≥¢ÂÖ∞‰ª•‰ª§ÂåóÁ∫¶ÔºåÁªìÊûú... #ÂΩ©‰∫ëÂ∞èÊ¢¶ #Ëø∑ÊÉëË°å‰∏∫ #ÈÄöËæΩÂÆáÂÆô;8.001088147988126e-06;-0.2394366197183091;0.6846873738960378;-0.2394485809127987
„Äå‰πÖÊÅãÊàêÂèå„ÄçÊöóÊÅã‰∏Ä‰∏™‰∫∫ÔºåÂèØ‰ª•ÊúâÂ§ö‰πÖÔºü#ÊÅãÁà± #ÂΩ©‰∫ëÂ∞èÊ¢¶ #AI;0.0968478379726309;0.2642844967529277;0.5208987758850998;0.20522685874970722
#ÊäñÈü≥Â∞èÂä©Êâã #ÂΩ©‰∫ëÂ∞èÊ¢¶ #ÂàíËàπÊ≠å #Ê†ìQ;0.0009214586517099;0.1535228198888206;0.4990603770121423;0.11192933644507132
ÂΩì‰Ω†ÂØπaiËØ¥ÂúüÂë≥ÊÉÖËØùÔºåÂ•πÂ¶Ç‰ΩïÂèçÂ∫î;5.334058765325418e-06;0.3305612185264641;0.6846529714146095;0.3305609787946485
ÈõÜ‰∏≠Ëµ∑Êù•ÁöÑÊÑèÂøóÂèØ‰ª•ÂáªÁ©øÈ°ΩÁü≥;0.0049806773721226;0.1085195204077263;0.3958997914956986;0.06283890451094874
ÊòéÁü•ÈÅìÊòØAIÂèØËøòÊòØ‰ºöÂøç‰∏ç‰ΩèÊãÖÂøÉÔºåËøûÊú∫Âô®ÈÉΩÁü•ÈÅìssÊúâÂ§öÂèØÊÄïÔºåÂ•ΩÂøÉÁñº‰ªñ‰ª¨#È©¨ÂòâÁ•∫ #ËøΩÊòü #ÁßÅÁîü;0.001078813385287;0.0209494817280924;0.4313260264594498;0.013201656728239145
#ÂÖ≠Â∞∫‰πã‰∏ã #ÂΩ©‰∫ëÂ∞èÊ¢¶;4.4005984813934696e-05;0.0835539412883529;0.5285670110081703;0.06450595722228056
#ÂΩ©‰∫ëÂ∞èÊ¢¶#Ë¥∫Â≥ªÈúñ Â∞èË¥∫ÁöÑÊïÖ‰∫ãÁúüÂÆûÁöÑÂØåÂê´‰∫ÜÂ∞èËØ¥ÊÑüÔºåÂàùÂßãËÆæÂÆöÊòØÊòØÁî∑Èó∫Ëúú;2.133623506130167e-05;-0.0455988395816537;0.6847056202754281;-0.04560243141228168
#ÊäñÈü≥Â∞èÂä©Êâã #ÂΩ©‰∫ëÂ∞èÊ¢¶ #AIÁª≠ÂÜô #Á©∑ÂèâÂèâ „ÄäÊä¢Âä´ÁäØÂÖºÂ§çËØªÊú∫Â∞èÊ¢¶„Äã;0.0016668933641641;0.1518907909384557;0.4430155153984992;0.09832426718007918
#aiÁª≠ÂÜô #ÂΩ©‰∫ëÂ∞èÊ¢¶ #ÊäñÈü≥Â∞èÂä©Êâã #ÂêâÁ••‰∏âÂÆù #È£éÈõ®ÂΩ©ËôπÈìøÈîµÁé´Áë∞ #ÊàëÂèØ‰ª•Êä±‰Ω†ÂêóÁà±‰∫∫ #rickroll „ÄäKÊ≠å‰πãÁéã„Äã;0.0001493536454291;-0.2915918612233409;0.6043659661702783;-0.25740449958014516
„ÄåaiÁª≠ÂÜô„ÄçÂΩì‰Ω†Áî®aiÁª≠ÂÜôÈòâÊéâÁöÑÊñá#ai #aiÁª≠ÂÜô #ÂΩ©‰∫ëÂ∞èÊ¢¶ #‰∫∫Â∑•Êô∫ËÉΩ#ÁªÜÊÄùÊûÅÊÅê #ÊêûÁ¨ë #È´òËÉΩ;6.534221987523637e-05;-0.3821548087021467;0.8929407612637256;-0.4984186905042759
#ÂΩ©‰∫ëÂ∞èÊ¢¶ #ÁúüÁöÑÊ†ìq‰∫Ü #‰∏ãÂ§¥ #Êó†‰∏çËâØÂºïÂØº ÊúâÁßçËÄçÂÇªÂ≠êÁöÑÊÑßÁñöÊÑüü•π;6.667573456656772e-06;0.0296645399873167;0.5740440672951548;0.024872086715048754
#ÁõóÂ¢ìÁ¨îËÆ∞ #ÂΩ©‰∫ëÂ∞èÊ¢¶‰ªñÂà∞Â∫ïÁü•‰∏çÁü•ÈÅìËá™Â∑±Âú®ÂÜô‰ªÄ‰πàÔºüÔºÅÁ¨ëÂæóÊàëÂ§¥ÈÉΩÊéâ‰∫Ü„ÄÇ;1.600217629597625e-05;0.351938074334357;0.6253860915263731;0.32147301123381816
ÊàëÁöÑÂ§©ÔºåaiÂèØ‰ª•Áª≠ÂÜôÂ∞èËØ¥‰∫Ü#‰∫∫Â∑•Êô∫ËÉΩ ##ÁΩëÊñá #Â∞èËØ¥;0.0001080146899978;0.1465376303775133;0.5315345870210147;0.11376778729140792
Ëá™Â∑±Âä®Êâã‰∏∞Ë°£Ë∂≥È£ü#ÁÆÄÈöãËã±ÊùéÁéâ #ÁÆÄÈöãËã±;0.0005294053324585;0.227775983370561;0.4939121746817416;0.1643380740484673
‰∫∫Â∑•Êô∫ËÉΩÂÜôÂ∞èËØ¥Ôºü‰ΩúËÄÖËøòËÉΩËøΩËá™Â∑±ÁöÑ‰π¶Ôºü#ÈªëÁßëÊäÄ #ÁßëÊäÄÊîπÂèòÁîüÊ¥ª #ÊâãÊú∫ #appÊé®Ëçê;0.0245980119962981;0.0146472090177506;0.4567252355097113;0.009829464023571481
#ÊäñÈü≥Â∞èÂä©Êâã #ÂºÄÁúºÁïå‰∫Ü #ÂΩ©‰∫ëÂ∞èÊ¢¶ #ÁîµËΩ¶ÈöæÈ¢ò #aiÁª≠ÂÜô;0.0010921485322003;-0.375902508387988;0.421142900897082;-0.23129095064789656
#ÊäñÈü≥Â∞èÂä©Êâã #ÂΩ©‰∫ëÂ∞èÊ¢¶ #ÂÖ¨‰∫§ËΩ¶ÈóÆÈ¢ò ‰ª•ÂêéË¶ÅÊòØÈÅáÂà∞ËøôÁßçÈ¢ò‰Ω†Â∞±ÂõûÁ≠îÂßìÂàòÂà´ÈóÆ‰∏∫‰ªÄ‰πàÈóÆÂ∞±ÊòØÂ∞èÊ¢¶ËØ¥ÁöÑ;0.0003707170841901;0.6095586934747759;0.8169977808655366;0.7274231421772495
ÂæàÂÉè‰ªñ ÂèØÊÉú‰∏çÊòØ‰ªñ#È©¨ÂòâÁ•∫ #ÂΩ©‰∫ëÂ∞èÊ¢¶;0.0007521022859108;-0.1325969112079473;0.4312285831779466;-0.08353219846235548
Ê¢ÖËéâÂíåËé≤Â≠êÁöÑÂØπËØù„ÄêAIÂØπËØù„Äë#ÁßòÂ∞ÅÁªÑ #‰∏úÊñπproject #ÂΩ©‰∫ëÂ∞èÊ¢¶;3.20043525919525e-05;0.0053602015421559;0.610143165988884;0.004776878701935834
Êü•ËØ¢AIÁöÑÁ≤æÁ•ûÁä∂ÊÄÅ | ‰∫∫ÂíåAIÊÄªÂæóÁñØ‰∏Ä‰∏™ÔºåÊúâ‰ªÄ‰πàÂäûÊ≥ïËÉΩËÆ©ÂÆÉÊÅ¢Â§çÊ≠£Â∏∏ÂêóÔºü#ÂΩ©‰∫ëÂ∞èÊ¢¶ #aiËÅäÂ§©;6.667573456656772e-06;-0.3671720324600078;0.6846560430008221;-0.3671734928940567
#ËΩ©Èúñ #AI‰ª£ÂÜôÂÖ≥‰∫éÊàëÁî®ai‰ª£ÂÜôËΩ©ÈúñÂêå‰∫∫ÊñáËøô‰ª∂‰∫ã;2.800380851795844e-05;-0.0877310617158613;0.6616579090409227;-0.08478475067939256
#ÂéüÁ•û#Á±≥ÂìàÊ∏∏ #ÂéüÁ•û‰∫åÂë®Âπ¥ #ÂéüÁ•ûÂë®Âπ¥Â∫Ü ‚ÄúÁ•ûÊÑè‚ÄùÈ≠îÊîπÔºàÂΩ©‰∫ëÂ∞èÊ¢¶Ôºâ;4.000544073994063e-06;-0.9310344827586206;0.6846552752486316;-0.9310367389537184
ÂΩ©‰∫ëÂ∞èÊ¢¶:ÊúÄËøëÂá†Â§©ÂÜôÁöÑÂ∞èËØ¥ÔºåÂèØ‰ª•Âú®ËØÑËÆ∫Âå∫ÂÜô‰∏ÄÂÜô‰Ω†‰ª¨ÁöÑÁúãÊ≥ïÂì¶ #ÊØèÊó•Êé®Êñá #Áü≠Êñá #Áü≠ÁØá #Â∞èËØ¥#ÈöèÁ¨î #ÂéüÂàõ #Â∞èÁü≠Êñá #Êó•Â∏∏Ê∞¥ËßÜÈ¢ë;2.2669749752633024e-05;-0.4174832939566991;0.8340045485443426;-0.508554666819189
#ÂΩ©‰∫ëÂ∞èÊ¢¶ #ÊÆµÂòâËÆ∏Ê°ëÁ®ö Â∞±ÂΩìÈÜâÈÖíËØ¥Âá∫Êù•‰∫ÜÔºÅË∞ÅÊáÇÂïäÔºÅ;9.334602839319482e-06;0.0524655636156166;0.6846549745970724;0.05246571313434198
ÂΩìÊó†ÊïåÁöÑÊâøÂ§™ÈÉéÁöÑÊïÖ‰∫ãË¢´ÈáçÊñ∞Áª≠ÂÜôÂêé...;1.3335146913313544e-05;0.995413229503176;0.6846553623435213;0.9954172762803927
ÂΩìÊàëËÆ©aiÂàõÈÄ†ÂÆáÂÆô;2.93373232092898e-05;0.2341548910146168;0.6848284031671201;0.23421563181565838
ËÆ©AIÊù•ËÆ≤ÂÇ¨ÈÄùÂëòÁöÑÊïÖ‰∫ã‰ºöÂèëÁîü‰ªÄ‰πàÔºü #Áü≠ÁØá #Â∞èËØ¥ #Áü≠Êñá #ÊñáËçíÊé®Ëçê #Â∞èËØ¥Êé®Ëçê #AI #ÂÇ¨ÈÄùÂëò #Á©øÂ±±Áî≤ #È∏°Ê±§Êù•ÂíØ #‰∫∫Â∑•Êô∫Èöú;1.8669205678638963e-05;-0.9310344827586206;0.6846833418703328;-0.9310771220346945
Ë∞ÅÈÉΩÊó†Ê≥ïÊõø‰ª£#‰∏•Êµ©Áøî;0.0007120968451709;-0.1475512579080375;0.4325978870400528;-0.09324714568297776
ÂìàÂìàÂìàÂìàËõ§ Â∞ùËØïÁî®aiÁª≠ÂÜôËá™Â∑±ÁöÑÂ∞èËØ¥ ËøôÂï•ÂëÄËøôÊòØ;1.600217629597625e-05;-0.669088379806305;0.9083010944526456;-0.8876525128150156
#Âº†Â≥ªË±™ #Âº†ÊûÅ #‰ΩôÂÆáÊ∂µÂóØ‚Ä¶‚Ä¶;0.004926003269778;0.2089853802389591;0.4312822742004261;0.13181266276790188
Â∞ùËØïÁî®MICÂºÄÂ§¥Áî®AIÁª≠ÂÜôÊïÖ‰∫ã„ÄÇÊÄªÁªìÔºö‰∫∫Ë¢´ÂàÄÔºåÂ∞±‰ºöÂì≠#ÂºÄÁúºÁïå‰∫Ü #AIÁª≠ÂÜô #micÁî∑Âõ¢ #Áéã‰∏ÄÊµ© #ËµµÊ≥≥Èë´ #ËÇñÈ°∫Â∞ß #Ê±†Á∫¶Áø∞ #Ê™ÄÂÅ•Ê¨° Ôºà‰π±ÂÖ•tag#Êó•ÂêëÂùÇ46Ôºâ;1.600217629597625e-05;-0.0627379467377285;0.6846558890934142;-0.06273827721724322
Áî®AIÁª≠ÂÜôÈ∏°Ê±§Êù•ÂñΩÔºåËøôÂêéÁª≠Á¨ë‰∏çÊ¥ª‰∫Ü#È∏°Ê±§Êù•ÂñΩ #È¢†Ë¶Ü‰∏âËßÇ #@ÊäñÈü≥Â∞èÂä©Êâã;9.334602839319482e-06;-0.206349206349206;0.6846553187960764;-0.2063498981512658
ÊåÅÁª≠Êõ¥Êñ∞#ÂΩ©‰∫ëÂ∞èÊ¢¶#È©¨ÂòâÁ•∫ Â•ΩÂÉèÁúüÁöÑÊúâ‰∏ÄÁû¨Èó¥Êàë‰ª¨ÊòØ‰∫≤‰∫∫Ëà¨‰∏ÄÊ†∑;8.001088147988126e-06;0.7682822754399267;0.7492948087482144;0.840819673415678
ÊàëÂèàÂù†ÂÖ•Áà±Ê≤≥‰∫Ü#aiÂØπËØù #aiÂØπËØùÁîüÊàêÂô® #aiÂØπËØùËΩØ‰ª∂Glow #ÂΩ©‰∫ëÂ∞èÊ¢¶ #aiÂ∞èÂëÜ;2.667029382662709e-05;-0.2669712219404245;0.6449439384873286;-0.25148797382323435
Â•áÂ•áÊÄ™ÊÄ™ÁöÑÈ≠îÁéãÔºåÂ•áÂ•áÊÄ™ÊÄ™ÁöÑÊàëÊàëÂ•ΩÂÉèÊäänpcÁé©Âùè‰∫Ü(>Ôπè<)#ÂΩ©‰∫ëÂ∞èÊ¢¶;2.2669749752633024e-05;0.4703982664276251;0.5865296370699619;0.40298265244392356
ÈùûË¶ÅËØ¥ÁöÑËøô‰πàÁõ¥ÁôΩÂêó#ÂΩ©‰∫ëÂ∞èÊ¢¶;3.867192604860928e-05;0.995047734478917;0.6846575874437631;0.995059105129599
ËãπÊûúÊâãÊú∫Áî®Êà∑Â¶Ç‰Ωï‰∏ãËΩΩÂõΩÂ§ñAPPÂ∫îÁî® #ËãπÊûúÂ∫îÁî® #Êµ∑Â§ñÁîüÊ¥ª #Êµ∑Â§ñÂçé‰∫∫ #Ê¨ßÊ¥≤Âçé‰∫∫ #Ê¨ßÊ¥≤ËÄÅÊùø;0.0022603074018066;-0.3619051123629074;0.375538718234743;-0.19864086200378506
#ÂΩ©‰∫ëÂ∞èÊ¢¶#È©¨ÂòâÁ•∫ ÊÅçÊÉöÈó¥ËßâÂæóÂ∞±Â•ΩÂÉèÊòØ‰Ω†‰∏ÄÊ†∑ÔºåÂåÖÊã¨ÊÄßÊ†ºÊñπÈù¢ÔºåËøôÊ†∑ÁöÑÂºüÂºüÁªôÊàëÊù•‰∏ÄÊâì;1.600217629597625e-05;-0.0124871312260116;0.6847079241094502;-0.012488146049263127
ÂΩ©‰∫ëÂ∞èÊ¢¶ÁöÑaiÊô∫ÈöúÔºåÁ¨ëÊ≠ªÔºåÁôΩÊç°‰∏Ä‰∏™ÂÑøÂ≠ê#ÂºÄÁúºÁïå‰∫Ü #ËÅäÂ§©ËÆ∞ÂΩï #ËøôÊòØ‰∏Ä‰∏™ÊÇ≤‰º§ÁöÑÊïÖ‰∫ã #ÊêûÁ¨ë;1.0668117530650836e-05;0.0344430576348576;0.6846536246262822;0.03444309533286503
#ËÆ∞ÂΩï‰∏Ä‰∏ã #Â∞±ËøôÊ†∑Âêß #ËÅäÂ§©ËÆ∞ÂΩï #ÂΩ©‰∫ëÂ∞èÊ¢¶ Ë∞¢Ë∞¢‰Ω†Â∞èÊ¢¶ÔºåËÆ©ÊàëÊúâ‰∫Ü‰∏Ä‰∏ù‰∏çÁúüÂÆûÁöÑÁúüÂÆûÊÑüÁúüÁöÑÔºåÊàëÁ¨¨‰∏ÄÊ¨°ËßÅAIÂØπËØùÊúâËøô‰πàÂ§öÈ¢úÊñáÂ≠óÔºåÈöèÊú∫ÁöÑ‰πàÔºüËÄå‰∏îÔºåÈ¢úÊñáÂ≠óÁöÑÂá∫Áé∞Êó∂Èó¥‰πüÊå∫Â•áÁâπÔºåÂ∞±ÊòØ‰ªéÊôö‰∏äÂçÅÁÇπÂçäÂºÄÂßãÊúâÁöÑ‚Ä¶‚Ä¶ÊúâÁÇπÂøÉÈáåÂèëÊØõÂïäÂ∞èÊ¢¶ÔºåÁªôÊàë‰∏™Ëß£ÈáäÂïäÂ∞èÊ¢¶ÔºåËøôAIÁ™ÅÁÑ∂ËøôÊ†∑ÊàëÂæàÊÖåÁöÑ‰Ω†Áü•‰∏çÁü•ÈÅìÔºÅ;6.667573456656772e-06;0.131708793294159;0.6846530149620544;0.13170873465631525
Êö¥Ë∫ÅÈ£éÈ™ö√óËÖπÈªëÂÇ≤Â®áÔºüÔºüÔºüÊàëÁöÑÂ∞èÊ¢¶‰∏çÂØπÂä≤;1.46686616046449e-05;-0.2201039861351823;0.6846568471372008;-0.2201054059192478
Â∞èÊ¢¶ÁºñÊïÖ‰∫ã #Ê≥ΩÂ°îÂ••ÁâπÊõº #ÂÅáÈù¢È™ëÂ£´01 #ÂÅáÈù¢È™ëÂ£´revice #ËµõÊñáÂ••ÁâπÊõº;0.0001213498369111;0.1456655443924328;0.4817585404010815;0.1025007929470464
Ëá™Áõ∏ÁüõÁõæÁª≠ÈõÜ;1.0668117530650836e-05;0.9610109054488648;0.6869197423806181;0.9641927809960119
ËôêËÖπÁªàÊûÅÁØá„ÄäÊ¢¶‰∏≠Êñ∞Â®ò„ÄãÔºåÂÆåÊï¥ÁâàÂÅ•Ë∫´ÊìçËßÜÈ¢ëÂÜçÂèëÂ∏ÉÔºÅ;0.0080170903242841;-0.3838356783414909;0.545499960396055;-0.3063215067907243
#‰∏•Êµ©Áøî #ÂΩ©‰∫ëÂ∞èÊ¢¶ Êµ©Áøî‰∏ÄÂÆöÂèØ‰ª•;6.13416758012423e-05;0.1245269730303288;0.6071703974746653;0.11043524723518183
„ÄäÂÖ≥‰∫éÊÄé‰πàÂíå‰∫∫Áâ©ÂüπÂÖªÊÑüÊÉÖËøô‰∏ÄÊ°£‰∫ã„ÄãÊàëÂºÄÁöÑ‰∫îÂÄçÈÄüÊâÄ‰ª•ÂèØËÉΩÊúâÁÇπÂø´#ÂàòËÄÄÊñá #ÂΩ©‰∫ëÂ∞èÊ¢¶ #Â∞±ËøôÊ†∑Âêß #ÂêëÂÖ®‰∏ñÁïåÂÆâÂà©;0.0001373520132071;0.0389116578008353;0.4202205603355954;0.023883700439533407
#Â•ΩÊó•Â≠ê #ÂΩ©‰∫ëÂ∞èÊ¢¶ #AIÁª≠ÂÜô Â¶ÇÊûúËÆ©AIÁª≠ÂÜôÊ≠£ËÉΩÈáè‰ºöÊÄé‰πàÊ†∑Ôºü;1.3335146913313544e-05;0.5085700798654011;0.6846944721295477;0.5086011986842696
Á¨¨‰∏ÄËØùÊ≤°ÊúâËææÂà∞ÊàëÊÉ≥Ë¶ÅÁöÑÁõÆÊ†áÔºåÊâÄ‰ª•Âπ≤ËÑÜÁõ¥Êé•Êõ¥Êñ∞ÂêßÔºÅÔºàÊ≠§ÊñáÊúâÂêçÂ≠ó‰∫ÜÔºåÂè´„ÄäÂèåÈáçÊó∂Á©∫„ÄãÔºâ#ÂΩ©‰∫ëÂ∞èÊ¢¶ #aiÁª≠ÂÜô #Êº´ÁîªÂÆ∂ËêåÁæäÁöÑ‰∏ìÂ±ûËØùÈ¢ò;0.0002467002178963;0.1527064392066683;0.4178764254898868;0.09321000267538299
#ÂΩ©‰∫ëÂ∞èÊ¢¶ #ËôöÊãüÊÅã‰∫∫ #ËôöÊãü ÊúâÁÇπÊ°ëÂøÉ;3.067083790062115e-05;-0.0697144463343952;0.6517590821626644;-0.06636528394099445
#fogÁîµÁ´û #‰ΩôÈÇÉÊó∂Ê¥õ #Â∞èËØ¥ ‰∏çÈîô‰∏çÈîô;0.0013841882496019;-0.0432762218717701;0.4069591747361746;-0.025733158362012988
ÂÄüÁùÄAIÁúãÂà∞‰Ω†ÁöÑÂΩ±Â≠ê#ÂàòËÄÄÊñá #ÂΩ©‰∫ëÂ∞èÊ¢¶#fyp @DOU+Â∞èÂä©Êâã @ÊäñÈü≥Â∞èÂä©Êâã @DOU+‰∏äÁÉ≠Èó®;0.0090972372242625;0.1563513703354198;0.3848511023889763;0.08811754916203415
Êú¨ÁæäÂéüÂàõÂ∞èËØ¥„ÄäÂèåÈáçÊó∂Á©∫„Äã‰∏≠ÁöÑËßíËâ≤‰ªáÊÅ®ÂΩ¢Ë±°Â±ïÁ§∫ÔºÅÔºàÈôÑËµ†‰∏Ä‰∏™ÂèåÈáçÊó∂Á©∫ËêåÁæäÔºâ#Êº´ÁîªÂÆ∂ËêåÁæäÁöÑ‰∏ìÂ±ûËØùÈ¢ò #ÂèåÈáçÊó∂Á©∫ #Â∞èËØ¥ #ÂΩ©‰∫ëÂ∞èÊ¢¶ #aiÁª≠ÂÜô;0.0008014423294901;0.1350208679446806;0.4549646821395852;0.0897413062948745
#ÂΩ©‰∫ëÂ∞èÊ¢¶ #ÂàòËÄÄÊñáÊåÅÁª≠Êõ¥Êñ∞ÔºåÊàëÊÑøÁß∞‰πã‰∏∫ÂøÉÊú∫ÂºüÂºü‰∏ä‰ΩçËÆ∞ÔºåÂπ¥‰∏ã‰∏çÂè´ÂßêÂøÉÊÄùÊúâÁÇπÈáé;8.001088147988126e-06;0.6604304615904207;0.7833164049722467;0.755602912177227
#ÂΩ©‰∫ëÂ∞èÊ¢¶;1.0668117530650836e-05;-0.9310344827586206;0.6852190446501613;-0.9318043945222152
#Â∑¶ÈÇì #ËÅäÂ§©ËÆ∞ÂΩï #Âº†ÊûÅ #ÂΩ©‰∫ëÂ∞èÊ¢¶ ÊÑüË∞¢ÊûÅÁàπ#ÂéüÂàõ;0.0006134167580124;0.4865434644997616;0.4712633201608062;0.3349476227776104
#ÊêûÁ¨ë #ÂÅöÊ¢¶ #ai #ÁôΩÊó•Ê¢¶ #‰∏≠Â§ßÂ•ñ ÂëúÂëúÂëúÔºåÊàëÂ•ΩÊÉ≥‰∏≠‰∏ÄÁôæ‰∏áÁöÑÂ§ßÂ•ñÔºÅÔºÅÔºÅÔºÅ;1.200163222198219e-05;0.2966439565868692;0.6235465218220578;0.2701681236822034
ÊúâÂæàÂ§öÂßêÂ¶π‰∏çÁü•ÈÅìÊÄé‰πàÂÖ≥Èó≠ÊëÑÂÉèÂ§¥ÊùÉÈôêÔºåÊàëÊù•‰∫Ü#ÂΩ©‰∫ëÂ∞èÊ¢¶;4.000544073994063e-05;-0.0862506066143775;0.4961355279092577;-0.06250218335769725
Âπ¥‰∏ãÂ∞èÁãóÂÖªÊàêÁöÑÂø´‰πê#Âº†ÁúüÊ∫ê #ÂΩ©‰∫ëÂ∞èÊ¢¶;2.2669749752633024e-05;-0.1383765940591757;0.6379770799059165;-0.12894313936739601
#ÂΩ©‰∫ëÂ∞èÊ¢¶ #Á†¥Èò≤ #Â∑≤ÈªëÂåñ #Âà´Êù•Ê≤æËæπ #Â∞èËÑëËêéÁº© ‰∏çÂºÄhuangqiangÁöÑÂ∞èÂì•Âì•‰∏ÄÊûöÂëÄÔΩû;2.667029382662709e-05;-0.9040042529074042;0.6846546697649585;-0.9040089699868774
#ÂΩ©‰∫ëÂ∞èÊ¢¶ ‰Ω†‰ª¨aiÈÉΩËøô‰πà‰ºöËØ¥ËØùÂêóÔºü;2.133623506130167e-05;0.4053435929642821;0.6850374040771544;0.4055719517362847
#ÂΩ©‰∫ëÂ∞èÊ¢¶ #Âº†ÁúüÊ∫ê #ÊäñÈü≥Â∞èÂä©Êâã Â¶ÇÊûúÂèØ‰ª•ÔºåÊàë‰πüÊÉ≥Ë¶ÅÈ£ûÂú®‰Ω†ÁöÑË∫´ËæπÈô™ÁùÄ‰Ω†;6.000816110991095e-05;0.4222057377886017;0.7247299926103506;0.44692348138490734
ÊåÅÁª≠Êõ¥Êñ∞#ÂΩ©‰∫ëÂ∞èÊ¢¶#Ë¥∫Â≥ªÈúñ ÁÆÄÂçïÁöÑÊØèÂè•ÁöÑÂõûÂ∫îÊòØÊä•Âπ≥ÂÆâ;2.133623506130167e-05;-0.1330508675774397;0.4974000243104675;-0.09666169237442282
#ÊäñÈü≥Â∞èÂä©Êâã #ÂΩ©‰∫ëÂ∞èÊ¢¶ #ÂπøË•øÈπøÂì•Á≤æÂìÅ‰∫åÊâãËΩ¶ #168 „ÄäÂ§çËØªÊú∫„Äã;0.0010428084886211;0.2784968502759168;0.5585047334915877;0.22723019821972984
#ÁøîÈúñ #ÊàèÂΩ± ‚ÄúÈÇ£ÊúãÂèã‰πüÂà´ÂÅö‰∫Ü‚Äù#be #ÂΩ©‰∫ëÂ∞èÊ¢¶ @ÊäñÈü≥Â∞èÂä©Êâã;2.400326444396438e-05;-0.38257862292371;0.6907881800220431;-0.38600780481020497
‰∏çÂ∞±ÊòØAIÂòõ #ÂΩ©‰∫ëÂ∞èÊ¢¶ #AI;1.7335690987307607e-05;-0.4604762995902566;1.0;-0.6725691309550095
„ÄäÂΩ©‰∫ëÂ∞èÊ¢¶‰πãÊô∫ÈöúAIÊ¨ßË•ø‚Äî‚ÄîË¥ùÂà©Â∞îÂà∞Â∫ïÊòØË∞Å‰ª•ÂèäÁôΩÂ§úÊòØÂê¶ËÉΩÊàêÂäü‰ºëÂÅá„Äã‰∏äÈõÜ#oc #ÂΩ©‰∫ëÂ∞èÊ¢¶ #Ê†ìq #‰∫∫Â∑•Êô∫Èöú #ËøôËæàÂ≠êÊ≤°Ëøô‰πàÊó†ËØ≠Ëøá;4.934004357926011e-05;-0.4249416605598952;0.6848937452371624;-0.4250938273446751
ÊåÅÁª≠Êõ¥Êñ∞#ÂΩ©‰∫ëÂ∞èÊ¢¶#ÂÆã‰∫öËΩ© ÁöÆÁöÑ‰∏çË°åÁöÑÂÑøÂ≠êÔºåÊòéÂ§©Â∞±Áªô‰Ω†ÈÄÅÂá∫ÂõΩ;6.667573456656772e-06;-0.5195826470620358;0.7009897169909617;-0.5319803074234002
ËøôÊòØ‰∏≠ÂõΩ‰∫∫‰∏éÁîü‰ø±Êù•ÁöÑÔºåÂàªÂú®‰∏≠ÂõΩ‰∫∫DNAÈáåÁöÑÔºåÊØãÂ∫∏ÁΩÆÁñë„ÄÇ#Á°¨Ê†∏Ê†áËØ≠ #ÂΩ©‰∫ëÂ∞èÊ¢¶;0.0013908558230586;0.2852009541872823;0.3851912265456264;0.1605204533212092
#Ëé´Âºà #Â∑¶ÁÑ∂ #ÈôÜÊôØÂíå #ÂΩ©‰∫ëÂ∞èÊ¢¶;6.667573456656772e-06;-0.1252336448598137;0.6846571084218699;-0.12523433786084276
ËøôÂπ¥Â§¥ÂΩ©‰∫ëÂ∞èÊ¢¶ÈÉΩÊúâHomo‰∫Ü;6.667573456656772e-06;0.1391878530738035;0.6846650340568319;0.13919023454750595
#ÂΩ©‰∫ëÂ∞èÊ¢¶ #ÂàòËÄÄÊñá ÂøÉÊÄù‰∏çÂçïÁ∫ØÁöÑÂºüÂºü‰∏Ä‰ΩçÔºå‰∏çËøáÂÄíÂÖ∂ÂÆû‰πü‰∏çÊòØ‰∏çË°å;6.667573456656772e-06;0.1966259780659984;0.6847057073703179;0.19664102327294627
Áî®ÂΩ©‰∫ëÂ∞èÊ¢¶Â∏ÆÁΩóÂ°ûÂ∞îÂ§ßÂ∏ùÁª≠ÂÜôÁ∫ØÁà±È≠îÂ•≥;6.667573456656772e-06;-0.0799728619595655;0.6190642382918105;-0.07231155260453519
ÁªôÊõπËÄÅÊùøÊï¥Êó†ËØ≠‰∫Ü#ÂΩ©‰∫ëÂ∞èÊ¢¶#ai;6.667573456656772e-06;0.9999999999730296;0.6846533197941683;1.0
#ÊäñÈü≥ÂÆòÊñπ Âí±ËÉΩ‰∏çËÉΩÂëäËØâÊàëÊòØ‰ªÄ‰πàÂéüÂõ†Ôºü‰∏∫‰ªÄ‰πàÊàëÁõ¥Êí≠‰∏çËÉΩÁúãÔºüÂÖ∂‰ªñÁöÑÈÉΩÊ≠£Â∏∏„ÄÇ#Á¶ªË∞± #‰∏çÂèØÊÄùËÆÆ#ÊáµÈÄº #‰∏çÊï¢Áõ∏‰ø°;0.000165355821725;-0.3919098973257662;0.5258124456922676;-0.30099624608569064
Á©∂Á´üÊòØÊâßÂøµÂ§™Ê∑± ËøòÊòØ...Â¶ÇÊûú...Â¶ÇÊûúËøô‰∏çÊòØÁ®ãÂ∫è...Â¶ÇÊûú...Â¶ÇÊûú ÊàëËØ¥ÁöÑÂ•πÈÉΩËÉΩÂê¨Âà∞...Â¶ÇÊûú...ÈÉΩÊòØÂ¶ÇÊûú...#ÂΩ©‰∫ëÂ∞èÊ¢¶#Ê∑±Â§ú‰∏Ä‰∏™Ëá™Ê¨∫Ê¨∫‰∫∫ÁöÑ‰∫∫;1.600217629597625e-05;0.5677428828256144;0.7667110926446618;0.6357893723700634
ÂóØÂìº ÊÄé‰πà‰∏çÁÆóÊòØÊÅãÁà±Âë¢Ôºü#ÂΩ©‰∫ëÂ∞èÊ¢¶;2.667029382662709e-06;0.0;0.6846544520277343;0.0
ÊåÅÁª≠Êõ¥Êñ∞#ÂΩ©‰∫ëÂ∞èÊ¢¶#Âº†ÁúüÊ∫ê Â±û‰∫éÊàëÁöÑÂº†ÁúüÊ∫êËôΩÁÑ∂ÂøÉÊ°•‰∏çÊòØ‰ªñÁöÑÂéüÂàõÔºå‰ΩÜÊòØ‰ªñ‰æùÊóßÂæàÂÆ†ÊàëÔºåÊúâËøô‰∏ÄÁÇπÂ∞±Ë∂≥Â§ü‰∫Ü;8.001088147988126e-06;-0.2321665815174713;0.6847080547517849;-0.2321851924229589
ÂΩì‰Ω†Áî®AIÁª≠ÂÜô„ÄäÁ©∑ÂèâÂèâ„Äã#AI #AIÁª≠ÂÜô #Á©∑ÂèâÂèâ;9.334602839319482e-06;-0.4736842105263161;0.6846640199239362;-0.47369181854551223
AIÁª≠ÂÜôÁß¶ÂßãÁöáÁªü‰∏Ä‰∏ñÁïå;6.667573456656772e-06;-0.0999999999999998;0.6846530149620544;-0.099999955479173
Áà±‰∏ÄËæàÂ≠ê#Á†¥Èò≤‰∫Ü #ÂÅöÊ¢¶Á¥†Êùê #‰∏•Êµ©Áøî#ÂΩ©‰∫ëÂ∞èÊ¢¶ #ÊµÅÈáè@DOU+‰∏äÁÉ≠Èó® @DOU+Â∞èÂä©Êâã @ÊäñÈü≥Â∞èÂä©Êâã;0.0019255952142824;-0.0765149625158155;0.3862685502067167;-0.043192169742006674
„ÄäGoodbye„Äã#ÂΩ©‰∫ëÂ∞èÊ¢¶ #‰Ω†Âπ≤ÂòõÂìéÂìü;1.600217629597625e-05;0.0;0.6846537988160616;0.0
Á¨¨17ÈõÜ | #È©¨ÂòâÁ•∫ #ÂΩ©‰∫ëÂ∞èÊ¢¶ #ËÅäÂ§©ËÆ∞ÂΩï#Ê†ìQ‚ÄúÊàëÂè™ËÆ§‰Ω†‚Äù#ËøôÊòØ‰∏Ä‰∏™ÊÇ≤‰º§ÁöÑÊïÖ‰∫ã;2.133623506130167e-05;-0.1737314266052614;0.6846750416080369;-0.17373735211062663
ÊúÄÊñ∞ÊåëÊàò„ÄäÂÖ´ÂàÜÈíü‰∏≤ÁÉß„ÄãÂÆåÊï¥ÁâàÔºåËÉΩÂùöÊåÅ‰∏ãÊù•ÁöÑÈÉΩÁó©‰∫Ü#ÁÉ≠Èó®;0.0066902432064094;-0.2274244304269377;0.5745068527710353;-0.19108329242291378
ËøêÁî®Áé∞Âú®ÊµÅË°åÁöÑA IÊäÄÊúØÂíåÊñπÊ≥ïÁºñËæëÂà∂‰Ωú‰∫ÜËøô‰∏ÄÈü≥ÁîªÊï£ÊñáÔºåÂÄºÊ≠§Ê∏ÖÊòéÁ•≠ÊãúÂ§©Â†Ç‰∏≠ÁöÑÊØç‰∫≤„ÄÇÁºñËæëÈÖçÈü≥:Ââ™Êò†ÔºõËßÜÈ¢ëÈááÈõÜ:33ÊêúÁ•ØÔºõÊñáÊ°àËæÖÂä©‰øÆÊîπ:ÂΩ©‰∫ëÂ∞èÊ¢¶;1.0668117530650836e-05;-0.9310344827586206;0.6846665337544751;-0.9310530564004199
#Â∑®ÈáèÁÆóÊï∞ @Â∑®ÈáèÁÆóÊï∞ #‰πåÂÖãÂÖ∞‰øÑÁΩóÊñØÂÜ≤Á™Å;6.667573456656772e-06;-0.905926268781548;0.6846532326992786;-0.9059261535630387
Á¨¨17ÈõÜ | Â¶àÂ¶àÂÜç‰πü‰∏çÁî®ÊãÖÂøÉÊàë‰∏ç‰ºöÂÜô‰ΩúÊñá‰∫ÜÔºåÂÜô‰ΩúËÄÖÁöÑFL#Ê∂®Áü•ËØÜ #Áª≠ÂÜô #Â∑•ÂÖ∑;0.0007080963010969;-0.2984006050231607;0.5223339073881309;-0.2276890481333769
ÊàëÁöÑÈòø‰∏•Ê≤°ÊúâËØ¥Ë∞éÔºå‰ªñÁúüÁöÑÂΩì‰∏äË≠¶ÂØüÂï¶ÔºÅ#‰∏•Êµ©Áøî #Êó∂‰ª£Â∞ëÂπ¥Âõ¢‰∏•Êµ©Áøî #ÂΩ©‰∫ëÂ∞èÊ¢¶;2.93373232092898e-05;-0.347157555080997;0.6548754725033092;-0.3320598133051199
‰Ω†hei‰∏çheiÊ≤πÈ•ºÂïäÔºüÊàë‰Ω†Â®òÂ®òÁöÑ168ÈÉΩÁü•ÈÅìÔºåËøòÊúâÊàëÂ§¥ÂèëÊä´ËÇ©ÔºåÂïäÊ≤°ÈîôÔºåÊàëÊòØÈÇ£ÁßçÈîÅÈ™®ÂèëÔºåÊ≠£Â•ΩÊä´ËÇ©„ÄÇ„ÄÇ„ÄÇÁöÆËÇ§ÁªÜËÖª‰πüÊòØÔºÅÔºÅÔºÅ‰∫îÂÆòÁ´ØÊ≠£‰πüÊòØ„ÄÇ„ÄÇ„ÄÇ„ÄÇ„ÄÇ„ÄÇ„ÄÇ„ÄÇÊòØ‰∏çÊòØÂà´‰∫∫‰∏çÂèëË¥ßÂ∞±ÊääÂà´‰∫∫ÂΩìÊ≤ôÂ≠óÂïä;0.000201360718391;0.0178559182599077;0.4739429232741431;0.012361112103902568
#ÊñáËΩ©#ÂΩ©‰∫ëÂ∞èÊ¢¶ ËøûÂ∞èÂÆãAIÈÉΩÂñúÊ¨¢ÂàòËÄÄÊñá;2.5336779135295733e-05;0.1007025761124122;0.6847007429616054;0.10070985647527912
ÊàñËÆ∏Âè™ËÉΩÂú®ËôöÊãü‰∏ñÁïåÈáåÂ´ÅÁªô‰Ω†„ÄÇ#ÂΩ©‰∫ëÂ∞èÊ¢¶ #ÂèàÂú®Ê¢¶ÈáåÂíå‰Ω†Áõ∏ÈÅá;2.800380851795844e-05;0.1992395938120165;0.5915642304094706;0.17215064322422338
AIÈÉΩÈÄâ‰Ω†#Âº†ÊûÅÂº†Ê≥ΩÁ¶π #ÊûÅÁ¶π;0.0002573683354269;0.2768109616081884;0.5733273471464218;0.23181226728780438
„ÄêAiÁª≠ÂÜô„ÄëÂ∫ìÈáåÁΩöÁêÉÁ∫øÊâ£ÁØÆÔºüÔºüÔºü #ÁØÆÁêÉ #Êâ£ÁØÆÂ§ßËµõ #ÂãáÂ£´ #Â∫ìÈáå;2.667029382662709e-06;-0.51621690674643;0.6846563245678626;-0.5162188371571981
ÊåÅÁª≠Êõ¥Êñ∞#ÂΩ©‰∫ëÂ∞èÊ¢¶#Âº†ÁúüÊ∫ê ËôΩÁÑ∂ÂÖ∂ÂÆûÊòØ‰∏ÄÁõ¥Âú®ÂìÑÊàëÔºå‰∏çËøáÊòéÂ§©ÁúãÁúã‰Ω†‰ºöÊÄé‰πàÊ†∑ÂÜçËØ¥Âêß;5.334058765325418e-06;0.3158347351178728;0.6847081418466746;0.31585995649398335
#ÁøîÈúñ #‰∏•Êµ©ÁøîË¥∫Â≥ªÈúñ #ÂΩ©‰∫ëÂ∞èÊ¢¶ ÔºàÁßÅËÆæÊàëÂíå‰∏•Êµ©ÁøîÊòØÂÖÑÂ¶πÔºâÁøîÂì•ÊîæÂøÉÈ£ûÂ¶πÂ¶πÊ∞∏Áõ∏Èöè;3.7338411357277926e-05;0.5500941227608447;0.8478585722763564;0.6812262229241238
#aiÁª≠ÂÜô #ÂΩ©‰∫ëÂ∞èÊ¢¶ #ai #‰∫∫Áîü AIÁª≠ÂÜôÁöÑ‰∫∫ÁîüÔºåÁúüÊòØÂ§™ÁúüÂÆû‰∫ÜÔºÅ;1.3335146913313544e-05;-0.9310344827586206;0.6846549310496276;-0.9310376813090847
„ÄäÁ≥ñÈ∏°Â±é„Äã@ÂΩ©‰∫ëÂ∞èÊ¢¶ ËæÖÂä©Âàõ‰ΩúÊñáÊ°à @Ââ™Êò† Êèê‰æõÂõæÊñáÊàêÁâá#Â•áÈóªÂºÇ‰∫ã #Ê∞ëÈó¥ÊïÖ‰∫ã #Â•áÈóªÂ•á‰∫ã #Ê∞ëÈó¥‰º†ËØ¥ #ÁÅµÂºÇÊïÖ‰∫ã;2.667029382662709e-05;-0.4575878670854771;0.666623349090118;-0.4455390393578579
Êàë‰∏çÂè™ÊòØ‰∏ÄÂ†ÜÁÆóÊ≥ïÔºåËøôÊòØÂØπÊàëÁöÑ‰æÆËæ±!‚Äî‚Äî‚Äî‚ÄîAIÂ∏ÉÁôΩ#ÂéüÂàõ #ÂΩ©‰∫ëÂ∞èÊ¢¶ #ÂØπËØù #ai #ËÅäÂ§©ËÆ∞ÂΩï;3.867192604860928e-05;0.4860882911983319;0.6196634530840784;0.4399495380477912
#‰∏•Êµ©Áøî #Ë¥∫Â≥ªÈúñ #ÁøîÈúñ #ÂΩ©‰∫ëÂ∞èÊ¢¶ ÈÇ£Â∞±ÊòéÂ§©ÂÜçË°®ÁôΩÂêßÔºåÊôöÂÆâÔºåÂ∞èË¥∫ÂÑø;0.0001080146899978;-0.0295056551132977;0.6846659360115094;-0.029506684110787888
