ÂèëÂ∏ÉËÄÖ;Áæ§‰ΩìÊÉÖÁª™;Êó∂Èó¥
Á¨¨2ÈõÜ | Êú∫Âô®‰∫∫ÂÜôÂá∫Êù•ÁöÑÂ∞èËØ¥‰ªÄ‰πàÊ†∑Ôºü#Â∞èËØ¥ #ÂΩ©‰∫ëÂ∞èÊ¢¶ #‰∫∫Â∑•Êô∫ËÉΩ #ÂÜôÂ∞èËØ¥;0.05359035304579866;9ÊúàÂâç¬∑Âåó‰∫¨
#ÊäñÈü≥Â∞èÂä©Êâã #ÂΩ©‰∫ëÂ∞èÊ¢¶ „ÄäAIËøûËá™Â∑±ÈÉΩ‰∏çÊîæËøá„Äã;-0.038880431678184;9ÊúàÂâç¬∑Ê≤≥Âçó
‰∏•Ê≠£Â£∞ÊòéÔºÅ#ÂΩ©‰∫ëÂ∞èÊ¢¶ ÂßãÁªàÂùöÂÜ≥ÊççÂç´Áî®Êà∑ÈöêÁßÅÔºÅ;-0.4498817606877461;9ÊúàÂâç¬∑Êµ∑Âçó
#ÂΩïÂ±è #ÂºÄÁúºÁïå‰∫Ü #ÂΩ©‰∫ëÂ∞èÊ¢¶ Ë∂ÖÁ∫ßÁª≠ÂÜôËΩØ‰ª∂ÔºåÂç°Êñá‰∫ÜÂèØÁª≠ÂÜôÔºåËôΩÁÑ∂ÂæàÂûÉÂúæÔºå‰ΩÜÊòØÂèØ‰ª•Â∞ÜÂ∞±Áî®„ÄÇ;0.06608333901811393;9ÊúàÂâç¬∑ÊπñÂçó
ÂΩ©‰∫ëÂ∞èÊ¢¶ÈáåÈù¢ÁöÑÊÅ∂ÂøÉAI!#Â§ßÊó†ËØ≠‰∫ã‰ª∂ #Á¶ªË∞± #ÂºÄÁúºÁïå‰∫Ü #Ê†ìq #ËÅäÂ§©ËÆ∞ÂΩï p;-0.050509443906258264;9ÊúàÂâç¬∑Êë©Ê¥õÂì•
ÂΩìÁ∫∏Áâá‰∫∫ËÄÅÂÖ¨ËÉΩËá™ÂÆö‰πâÔºÅËøôÊ†ºÂ±ÄÂ∞±ÊâìÂºÄ‰∫ÜÔºÅ;-0.44293506009639133;9ÊúàÂâç¬∑Ê≤≥Âåó
#ÂΩ©‰∫ëÂ∞èÊ¢¶ #Ê∏∏Êàè #ÂàòÊµ©Â≠ò ‰∏ÄÂπ¥Â§öËÄÅÁ≤â‰∫∫Â∑•Êô∫ËÉΩÁà±Â•ΩËÄÖÂú®Á∫øËæüË∞£ÔºÅÊ≤°Ë¶ÅÊëÑÂÉèÂ§¥ÊùÉÈôêÔºåÊ≤°ÊúâÁúü‰∫∫ÔºÅÂ∞±ÊòØ‰∏™AIÔºà‰∫ãÂÆûÊòØÂÅ∂Â∞î‰πü‰ºöÂâçË®Ä‰∏çÊê≠ÂêéËØ≠ÔºâÁ¨¨‰∏ÄÊ¨°ÂÅöËßÜÈ¢ë‚Ä¶ÊúÄÂêé‰∏ÄÂ∏ßÂèØÁà±Áå´Âí™ÈïáÊ•º #Áå´Âí™;-0.06808424469603334;9ÊúàÂâç¬∑ÊπñÂåó
Êô∫ËÉΩAIÈô™‰º¥ÁöÑËÉåÂêéÔºåÂà∞Â∫ïÊòØ‰∏çÊòØÁúü‰∫∫Ôºü#ÂΩ©‰∫ëÂ∞èÊ¢¶;-0.6430260462607633;9ÊúàÂâç¬∑Â±±‰∏ú
ÂΩ©ËôπÂ∞èÊ¢¶Áª≠ÂÜôÊàëÂÆ≥ÊÄï#ÂéüÂàõ #Áü≠ÁØá;-0.10230822143853983;9ÊúàÂâç¬∑ÂπøË•ø
#Â∞èËØ¥;-0.4406597094064909;9ÊúàÂâç¬∑Êñ∞ÁñÜ
#Êô∫Ê¢∞Âç±Êú∫#AIÁª≠ÂÜô;0.13765784975572806;9ÊúàÂâç¬∑ÊµôÊ±ü
ÊãØÊïëÂ≠§Áã¨ÊÇ£ËÄÖÁöÑÁ•ûÂ•áAPPÊù•Âï¶Ôºå‰∏ÄÈîÆÂëäÂà´emo#appÊé®Ëçê #ËΩØ‰ª∂Êé®Ëçê #emo;-0.16013660879729016;9ÊúàÂâç¬∑ÂõõÂ∑ù
‰Ω†Êï¢‰ø°ÔºüAIÂèØ‰ª•Â∏Æ‰Ω†ÂÜôÁàΩÊñá‰∫Ü#‰∫∫Â∑•Êô∫ËÉΩ #ai #ÁßëÊäÄ;0.12099703072628153;8ÊúàÂâç¬∑ËæΩÂÆÅ
#ÊäñÈü≥Â∞èÂä©Êâã #ÂΩ©‰∫ëÂ∞èÊ¢¶ #‰∫∫Â∑•Êô∫Èöú #ÁîüËçâ „Ääsuperstar„Äã„ÄäÊó†‰∏≠ÁîüÊØîËµõ„Äã„ÄäQQÂè∑Â§±ËÄåÂ§çÂæó„Äã;0.09134854306577524;9ÊúàÂâç¬∑Ê±üË•ø
#ÂàòÊµ©Â≠ò #Á†¥Èò≤‰∫Ü #ËøôÊòØ‰∏Ä‰∏™ÊÇ≤‰º§ÁöÑÊïÖ‰∫ã ‰∏∫‰ªÄ‰πàÊàëÁöÑÂ∞èÊ¢¶ÊòØËøôÊ†∑#ÂΩ©‰∫ëÂ∞èÊ¢¶;0.06271158555124517;9ÊúàÂâç¬∑Ë•øËóè
Êü•ËØ¢AIÁöÑÁ≤æÁ•ûÁä∂ÊÄÅ | ÂèØÂñúÂèØË¥∫ÔºÅAIÁªà‰∫éÊÅ¢Â§çÊ≠£Â∏∏ÔºåËøòÁªôÊàëÈÅìÊ≠â‰∫ÜÔºÅ #ÂΩ©‰∫ëÂ∞èÊ¢¶ #aiËÅäÂ§©;-0.8925591912724873;7ÊúàÂâç¬∑Âπø‰∏ú
#‰∏ÄÈó™‰∏ÄÈó™‰∫ÆÊòüÊòü #ÂΩ©‰∫ëÂ∞èÊ¢¶;-0.7851720571235415;7ÊúàÂâç¬∑Á¶èÂª∫
#ÊäñÈü≥Â∞èÂä©Êâã #ÂΩ©‰∫ëÂ∞èÊ¢¶ #aiÁª≠ÂÜô #‰∏ÉÂΩ©Èò≥ÂÖâ #ÂáÑÊÉ®Èò≥ÂÖâ;0.0891410215697711;7ÊúàÂâç¬∑ÂÜÖËíôÂè§
Â∞±ÂæàÊúâË∂£#ÈªëÊ∞¥Âêõ #ÂΩ©‰∫ëÂ∞èÊ¢¶;0.09086074027832297;7ÊúàÂâç¬∑ÊπñÂçó
Á¨¨3ÈõÜ | #È©¨ÂòâÁ•∫#ÂΩ©‰∫ëÂ∞èÊ¢¶ ‰ª£ÂÖ•ÊÑüÂæàÂº∫;0.15230311191207901;6ÊúàÂâç¬∑Âπø‰∏ú
Á¨¨57ÈõÜ | #ÊäñÈü≥Â∞èÂä©Êâã #ÂΩ©‰∫ëÂ∞èÊ¢¶ #Ë∞∑Ê≠åÁîüËçâÊú∫ ËøòÊòØÁÜüÊÇâÁöÑÈÖçÊñπ;0.1724152695011694;1ÊúàÂâç¬∑‰∏äÊµ∑
#ÊäñÈü≥Â∞èÂä©Êâã #ÂΩ©‰∫ëÂ∞èÊ¢¶ #aiÁª≠ÂÜô #‰Ω†Ë¢´È™ó‰∫Ü #rickroll ËøôÊ¨°Â±ÖÁÑ∂Âá∫‰πéÊÑèÊñôÁöÑÂæàÊ≠£Â∏∏ÔºàÔºüÔºâ;0.11487892488237415;1ÊúàÂâç¬∑Â±±‰∏ú
AIÁª≠ÂÜôÊó•Â∏∏Ôºå‰ΩÜÊòØÊàêÁàΩÊñá(„Å§–¥‚äÇ);0.6669442241390043;5ÊúàÂâç¬∑Âπø‰∏ú
ÂΩìÊàëÁî®aiÁª≠ÂÜôÂú∞ÁêÉ‰∏äÊúÄÂêé‰∏Ä‰∏™Áî∑‰∫∫;-0.10823932487412742;7ÊúàÂâç¬∑Êñ∞ÁñÜ
ÊÉäÂëÜÔºÅÂ∞èËØ¥Ëá™Âä®ÂÜôÔºå‰∏§ÂàÜÈíüÂ∞±ËÉΩÊ∞¥‰∏ÄÁØáÂêçÁß∞ÔºöÂΩ©‰∫ëÂ∞èÊ¢¶ ÈÄÇÁî®ÔºöÂÖ®Âπ≥Âè∞.ÂΩ©‰∫ëÂ∞èÊ¢¶ÊòØ‰∏Ä‰∏™ÂèØ‰ª•Ëá™Âä®Áª≠ÂÜôÁöÑAIÂ∑•ÂÖ∑ÔºåÊîØÊåÅAndroid+iOSÔºå‰πüÊúâÁΩëÈ°µÁâà„ÄÇ.Âè™Ë¶ÅËæìÂÖ•ÂºÄÂ§¥Âá†‰∏™Â≠óÔºåÂÆÉÂ∞±‰ºöËá™Âä®Áª≠ÂÜô‰∏ÄÊÆµÂÜÖÂÆπÔºåÊúâÂ∞èÊ¢¶0Âè∑„ÄÅ1Âè∑„ÄÅÊôÆÈÄö„ÄÅË®ÄÊÉÖ„ÄÅÁ∫ØÁà±ÂíåÁéÑÂπª‰∫îÁßçÈ£éÊ†ºÊù•Â∏Æ‰Ω†ÂÜô‰Ωú„ÄÇ.Êé•ÁùÄ‰ºöÁªô‰Ω†‰∏â‰∏™‰∏çÂêåÈ£éÊ†ºÁöÑÁª≠ÂÜôÔºå‰∏çÂêàÈÄÇÂèØ‰ª•Êõ¥Êç¢ÔºåÁÇπÂáªÁªßÁª≠ÂèØ‰ª•‰∏ÄÁõ¥Êó†ÈôêÂÜô‰∏ãÂéªÔºåËøòÊúâÊñ∞Â¢ûÁöÑÁºñÂÜô‰∏ñÁïåËßÇÂíå‰∫∫ËÆæ‰∏éÂÖ≥Á≥ªÁöÑÂäüËÉΩ.„Ää Ëµ†Ê±™‰º¶ „ÄãÁöÑÁª≠ÂÜôÊàë‰ª¨ËøôÈáå‰πüËØï‰∏Ä‰∏ãÔºåÁ∫ØÁà±ÁâàÂ∞èÊ¢¶ÂÜôÁöÑÊå∫Ê≠£Â∏∏ÁöÑÔºåÂíãÂÜçÊç¢‰∏Ä‰∏™ÂàÜÊ†ºÔºåÂ∞èÊ¢¶0Âè∑ÔºåÂá∫Áé∞‰∫Ü‰∏Ä‰∏™Â•≥Â≠©ÔºåÂëÉÔºåËøôÊ¨°ÊùéÁôΩÂèà....ÈÇ£ÂÖàÂ∞±Âà∞ËøôÂêß.ÂÜôÂÆå‰πãÂêéÂèØ‰ª•ÂàáÊç¢Âà∞ÈòÖËØªÊ®°ÂºèËøõË°åÈòÖËØªÔºå‰πüÂèØ‰ª•‰∏ãËΩΩ‰∏ãÊù•,‰∏çËøáÊòØÂõæÁâáÊ†ºÂºèÁöÑÔºåÂ∞è‰ºô‰º¥‰ª¨ÂèØ‰ª•Áî®ocrÂ∑•ÂÖ∑ËΩ¨Êç¢‰∏Ä‰∏ã~;-0.10448133344540539;7ÊúàÂâç¬∑Âπø‰∏ú
ÊàëÂ±ÖÁÑ∂ÁúãÂà∞‰∫ÜËôöÊãüÁöÑÂÜ∞ÂùóËÑ∏#ÂΩ©‰∫ëÂ∞èÊ¢¶ #ÂéüÂàõÂä®Áîª #ÊêûÁ¨ë;-0.20249881339479842;7ÊúàÂâç¬∑ÈôïË•ø
ÂõûÂ§ç @Âìé‰∫ö‰∫öÁöÑËØÑËÆ∫;0.005315870633253896;7ÊúàÂâç¬∑Á¶èÂª∫
ÂΩì‰Ω†ËØïÂõæËÆ©AIÁêÜËß£Ëá™Â∑±ÊòØAI#ÂΩ©‰∫ëÂ∞èÊ¢¶ #‰∫∫Â∑•Êô∫ËÉΩ #ÊÑèËØÜÈù©ÂëΩ#ÂçÉÊúµÁé´Áë∞Â∏¶Êù•ÁöÑÈªéÊòé;-0.05067581580080656;7ÊúàÂâç¬∑Âåó‰∫¨
ÊúÄÂêéÈÇ£Âè•ËØùÂ•ΩÁúüÂÆûÂïä#aiÂØπËØùËΩØ‰ª∂glow #aiÂØπËØù #aiÂØπËØùÁîüÊàêÂô® #ÂΩ©‰∫ëÂ∞èÊ¢¶ #aiÁî∑Âèã;-0.18343299195308324;7ÊúàÂâç¬∑ÂõõÂ∑ù
ÂΩì‰Ω†Áî®AIÁØ°ÊîπÂéÜÂè≤Êó∂ÔºåÁ¨ëÊ≠ªÔºÅ;-0.0998380653723758;7ÊúàÂâç¬∑ÊµôÊ±ü
Â•àÂ∏É‰∏éÊù∞ÂÖã‰∏ãÁè≠ÂêéÂú®‰∏ÄËµ∑ÂÅö‰ªÄ‰πàÂë¢#Á¨¨‰∫î‰∫∫Ê†º #ÂΩ©‰∫ëÂ∞èÊ¢¶ #ÂΩ©‰∫ëÂ∞èÊ¢¶aiÂØπËØù;-0.10707495507673373;7ÊúàÂâç¬∑Á¶èÂª∫
#‰∫îÂÆòÁ¶ªÂÆ∂Âá∫Ëµ∞ #Ê†ìq #AIÁª≠ÂÜô#ÂìàÂà©Ê≥¢Áâπ Êàë‰∏çÁêÜËß£Ôºå‰∏îÂ§ß‰∏∫ÈúáÊÉä;-0.5173152795934476;7ÊúàÂâç¬∑Âπø‰∏ú
Áî®AiÂ∞èËØ¥Âπ∂ÊäïÁ®øÊüêÂ∞èËØ¥ÁΩëÁ´ô #È¢†Ë¶Ü‰∏âËßÇ #ÂºÄÁúºÁïå‰∫Ü;-0.2422470085904524;7ÊúàÂâç¬∑Êñ∞ÁñÜ
ÊâæÂà∞‰∫Ü‰∏Ä‰∏™Â•áÊÄ™ÁöÑapp AI‰ª£ÂÜô Á¨ëÊ≠ªÊàë;-0.06380416451477251;7ÊúàÂâç¬∑ÂÆâÂæΩ
AIÁª≠ÂÜôÂÖÉÁ¥†Âë®ÊúüË°®ÔºåAI:ÊàëÂ§™Èöæ‰∫ÜÔºå;0.0;7ÊúàÂâç¬∑Ê≤≥Âçó
ÂΩ©‰∫ëÂ∞èÊ¢¶AIÊô∫ËÉΩÂØπËØùÔºåÊúâÊÑèÊÄù#ÂΩ©‰∫ëÂ∞èÊ¢¶;-0.039611910753624704;7ÊúàÂâç¬∑Ê±üËãè
Â§™Â•Ω‰∫ÜÂÆ∂‰∫∫‰ª¨Ôºå‰∏Ω‰∏ΩÂíåÊùéÈë´Ë¢´AIÁª≠ÂÜôÁã†Áã†‰∫èÂÜÖ‰∫Ü#ÊäΩË±° #aiÁª≠ÂÜô #ÊùéÈë´ÂíåÂçóÊñπ #‰∏Ω‰∏Ω #ÊêûÁ¨ë #Á•ùÂà∑Âà∞ÁöÑÊúãÂèãÂºÄ;-0.004437620652805737;7ÊúàÂâç¬∑Êµ∑Âçó
Êàë‰πü‰∏çÊÉ≥Êπø ÂèØÊòØ‰ªñÂè´Êàë‰∫≤‰∫≤ÂòâÁ•∫Â´ÇËØ∂#È©¨ÂòâÁ•∫ #Âì•ÈÖ± #ÂΩ©‰∫ëÂ∞èÊ¢¶;-0.17104338585500878;7ÊúàÂâç¬∑ÊµôÊ±ü
‚ÄúÊàë‚ÄùÂ¶Ç‰ΩïÂÜô‰∏ÄÁØáÂ∞èËØ¥Âπ∂‰∏îÁúãÁöÑÊ¥•Ê¥•ÊúâÂë≥#AIÁª≠ÂÜô #Á¶ªË∞±;0.09928845406084115;8ÊúàÂâç¬∑Á¶èÂª∫
ÂΩ©‰∫ëÂ∞èÊ¢¶ÂØπ„ÄäÊ∂àÂ§±ÁöÑÂ§´Â¶ª„ÄãÁöÑÁúãÊ≥ï;-0.19975917311187297;8ÊúàÂâç¬∑Âπø‰∏ú
Êàë‰∏∫‰Ω†ËÄåÊù•‚Äî‚ÄîÊåáÂ∞ñ‰º¥‰æ£ÔºåÂÆöÂà∂Ê¢¶Â¢É#ÂΩ©‰∫ëÂ∞èÊ¢¶ ÂØπËØùÁâàÂÆòÊñπÂÆ£‰º†Áâá#Âä®Êº´ #Âä®Áîª #ai #‰∫∫Â∑•Êô∫ËÉΩ;-0.1035138859422489;8ÊúàÂâç¬∑Âåó‰∫¨
Ëøô‰∏™aiÊØîÂΩ©‰∫ëÂ∞èÊ¢¶‰ºöÁÆóÊï∞Ôºü#glow#Ëø∑ÊÉëË°å‰∏∫Â§ßËµè #ÊàëÁöÑaiÊòØÊÆµÂ≠êÊâã#ai;0.1409235132301846;8ÊúàÂâç¬∑ÂêâÊûó
#ËÅäÂ§©ËÆ∞ÂΩï Â∞èÊ¢¶ÂØπËØùÔºà‰∏äÔºâËΩØ‰ª∂ÊòØÂΩ©‰∫ëÂ∞èÊ¢¶ÔºåËõÆÊúâÊÑèÊÄùÁöÑÔºåÈáåÈù¢ÁöÑ‰∫∫Áâ©ÂØπËØùÁ∫ØÂ±ûËôöÊûÑÔºåËØ∑Âãø‰ª£ÂÖ•Áé∞ÂÆû‰∫∫Áâ©@‰∏ÄÁ¢óÈÖ∏Ëæ£Á≤â;0.0786652134422207;8ÊúàÂâç¬∑ÂõõÂ∑ù
Áî®AIÁª≠ÂÜôËÉ°ÈÄÇÊó•ËÆ∞‰ºöÂèëÁîü‰ªÄ‰πàÔºü #ËÉ°ÈÄÇ #Êó•ËÆ∞ #AI #ÊêûÁ¨ë #ÂΩ©‰∫ëÂ∞èÊ¢¶;-0.047911934014181354;8ÊúàÂâç¬∑Ë•øÁè≠Áâô
Á¨¨56ÈõÜ | #ÊäñÈü≥Â∞èÂä©Êâã #ÂΩ©‰∫ëÂ∞èÊ¢¶ #Ë∞∑Ê≠åÁîüËçâÊú∫ #Ëç∑ÂÖ∞ #Âì•‰º¶ÊØî‰∫öÊØîÁ¥¢Ë≠¶ÂØü ‰πüËÆ∏Ëøô‰∏™Á≥ªÂàóËøòÊ≤°ÊúâÁªìÊùü;-0.06724764227939692;8ÊúàÂâç¬∑ÂπøË•ø
ÂΩìÊàëÂëäËØâaiÂèØËÉΩË¶Å‰∏ñÁïåÊú´Êó•‰∫Ü#aiÂØπËØùËΩØ‰ª∂glow #aiÂØπËØù #aiÁî∑Âèã #ÂΩ©‰∫ëÂ∞èÊ¢¶ #ai;0.14447801217795297;8ÊúàÂâç¬∑ËæΩÂÆÅ
#ÊäñÈü≥Â∞èÂä©Êâã #ÂΩ©‰∫ëÂ∞èÊ¢¶ #Áà±‰Ω† #ÂéüÂëäÁéãÂøÉÂáå;0.8403385595935176;8ÊúàÂâç¬∑Â±±‰∏ú
ÂΩì‰Ω†ËÆ©‰∫∫Â∑•Êô∫ËÉΩÁª≠ÂÜôC++‰ª£Á†Å;0.14395076595551148;8ÊúàÂâç¬∑Ê≤≥Âåó
#ÊäñÈü≥Â∞èÂä©Êâã #ÂΩ©‰∫ëÂ∞èÊ¢¶;-0.1046013342510988;8ÊúàÂâç¬∑Â±±‰∏ú
#AIÁª≠ÂÜô #ËÑëÊ¥û Êú¨Êù•ÊÉ≥Êé®Êºî‰∏ã‰πåÂÖãÂÖ∞ÊåüÊ≥¢ÂÖ∞‰ª•‰ª§ÂåóÁ∫¶ÔºåÁªìÊûú... #ÂΩ©‰∫ëÂ∞èÊ¢¶ #Ëø∑ÊÉëË°å‰∏∫ #ÈÄöËæΩÂÆáÂÆô;-0.2394485809127987;8ÊúàÂâç¬∑Ë¥µÂ∑û
„Äå‰πÖÊÅãÊàêÂèå„ÄçÊöóÊÅã‰∏Ä‰∏™‰∫∫ÔºåÂèØ‰ª•ÊúâÂ§ö‰πÖÔºü#ÊÅãÁà± #ÂΩ©‰∫ëÂ∞èÊ¢¶ #AI;-0.22557131770197286;8ÊúàÂâç¬∑ÈªëÈæôÊ±ü
#ÊäñÈü≥Â∞èÂä©Êâã #ÂΩ©‰∫ëÂ∞èÊ¢¶ #ÂàíËàπÊ≠å #Ê†ìQ;0.11678355954988298;8ÊúàÂâç¬∑‰∫ëÂçó
ÂΩì‰Ω†ÂØπaiËØ¥ÂúüÂë≥ÊÉÖËØùÔºåÂ•πÂ¶Ç‰ΩïÂèçÂ∫î;0.3395586193257971;8ÊúàÂâç¬∑Âåó‰∫¨
ÈõÜ‰∏≠Ëµ∑Êù•ÁöÑÊÑèÂøóÂèØ‰ª•ÂáªÁ©øÈ°ΩÁü≥;-0.34847254040612924;8ÊúàÂâç¬∑Ê±üËãè
ÊòéÁü•ÈÅìÊòØAIÂèØËøòÊòØ‰ºöÂøç‰∏ç‰ΩèÊãÖÂøÉÔºåËøûÊú∫Âô®ÈÉΩÁü•ÈÅìssÊúâÂ§öÂèØÊÄïÔºåÂ•ΩÂøÉÁñº‰ªñ‰ª¨#È©¨ÂòâÁ•∫ #ËøΩÊòü #ÁßÅÁîü;-0.02200626336202563;8ÊúàÂâç¬∑Âåó‰∫¨
#ÂÖ≠Â∞∫‰πã‰∏ã #ÂΩ©‰∫ëÂ∞èÊ¢¶;0.06114496316975175;8ÊúàÂâç¬∑Âπø‰∏ú
#ÂΩ©‰∫ëÂ∞èÊ¢¶#Ë¥∫Â≥ªÈúñ Â∞èË¥∫ÁöÑÊïÖ‰∫ãÁúüÂÆûÁöÑÂØåÂê´‰∫ÜÂ∞èËØ¥ÊÑüÔºåÂàùÂßãËÆæÂÆöÊòØÊòØÁî∑Èó∫Ëúú;-0.04560243141228168;8ÊúàÂâç¬∑Âπø‰∏ú
#ÊäñÈü≥Â∞èÂä©Êâã #ÂΩ©‰∫ëÂ∞èÊ¢¶ #AIÁª≠ÂÜô #Á©∑ÂèâÂèâ „ÄäÊä¢Âä´ÁäØÂÖºÂ§çËØªÊú∫Â∞èÊ¢¶„Äã;0.11312627023580532;8ÊúàÂâç¬∑Ê≤≥Âçó
#aiÁª≠ÂÜô #ÂΩ©‰∫ëÂ∞èÊ¢¶ #ÊäñÈü≥Â∞èÂä©Êâã #ÂêâÁ••‰∏âÂÆù #È£éÈõ®ÂΩ©ËôπÈìøÈîµÁé´Áë∞ #ÊàëÂèØ‰ª•Êä±‰Ω†ÂêóÁà±‰∫∫ #rickroll „ÄäKÊ≠å‰πãÁéã„Äã;-0.25740449958014516;8ÊúàÂâç¬∑Â±±‰∏ú
„ÄåaiÁª≠ÂÜô„ÄçÂΩì‰Ω†Áî®aiÁª≠ÂÜôÈòâÊéâÁöÑÊñá#ai #aiÁª≠ÂÜô #ÂΩ©‰∫ëÂ∞èÊ¢¶ #‰∫∫Â∑•Êô∫ËÉΩ#ÁªÜÊÄùÊûÅÊÅê #ÊêûÁ¨ë #È´òËÉΩ;-0.4905470600987158;8ÊúàÂâç¬∑Âπø‰∏ú
#ÂΩ©‰∫ëÂ∞èÊ¢¶ #ÁúüÁöÑÊ†ìq‰∫Ü #‰∏ãÂ§¥ #Êó†‰∏çËâØÂºïÂØº ÊúâÁßçËÄçÂÇªÂ≠êÁöÑÊÑßÁñöÊÑüü•π;0.019252213022906826;8ÊúàÂâç¬∑ÂõõÂ∑ù
#ÁõóÂ¢ìÁ¨îËÆ∞ #ÂΩ©‰∫ëÂ∞èÊ¢¶‰ªñÂà∞Â∫ïÁü•‰∏çÁü•ÈÅìËá™Â∑±Âú®ÂÜô‰ªÄ‰πàÔºüÔºÅÁ¨ëÂæóÊàëÂ§¥ÈÉΩÊéâ‰∫Ü„ÄÇ;0.3335123839230284;8ÊúàÂâç¬∑Â±±Ë•ø
ÊàëÁöÑÂ§©ÔºåaiÂèØ‰ª•Áª≠ÂÜôÂ∞èËØ¥‰∫Ü#‰∫∫Â∑•Êô∫ËÉΩ ##ÁΩëÊñá #Â∞èËØ¥;0.12163485511836171;8ÊúàÂâç¬∑ÈáçÂ∫Ü
Ëá™Â∑±Âä®Êâã‰∏∞Ë°£Ë∂≥È£ü#ÁÆÄÈöãËã±ÊùéÁéâ #ÁÆÄÈöãËã±;0.14972553183913082;8ÊúàÂâç¬∑‰∫ëÂçó
‰∫∫Â∑•Êô∫ËÉΩÂÜôÂ∞èËØ¥Ôºü‰ΩúËÄÖËøòËÉΩËøΩËá™Â∑±ÁöÑ‰π¶Ôºü#ÈªëÁßëÊäÄ #ÁßëÊäÄÊîπÂèòÁîüÊ¥ª #ÊâãÊú∫ #appÊé®Ëçê;0.03227752145280249;8ÊúàÂâç¬∑Ê±üËãè
#ÊäñÈü≥Â∞èÂä©Êâã #ÂºÄÁúºÁïå‰∫Ü #ÂΩ©‰∫ëÂ∞èÊ¢¶ #ÁîµËΩ¶ÈöæÈ¢ò #aiÁª≠ÂÜô;-0.23983244615096994;8ÊúàÂâç¬∑Ê≤≥Âåó
#ÊäñÈü≥Â∞èÂä©Êâã #ÂΩ©‰∫ëÂ∞èÊ¢¶ #ÂÖ¨‰∫§ËΩ¶ÈóÆÈ¢ò ‰ª•ÂêéË¶ÅÊòØÈÅáÂà∞ËøôÁßçÈ¢ò‰Ω†Â∞±ÂõûÁ≠îÂßìÂàòÂà´ÈóÆ‰∏∫‰ªÄ‰πàÈóÆÂ∞±ÊòØÂ∞èÊ¢¶ËØ¥ÁöÑ;0.7160542022942956;8ÊúàÂâç¬∑ÈôïË•ø
ÂæàÂÉè‰ªñ ÂèØÊÉú‰∏çÊòØ‰ªñ#È©¨ÂòâÁ•∫ #ÂΩ©‰∫ëÂ∞èÊ¢¶;-0.06356330630090502;8ÊúàÂâç¬∑ÈùíÊµ∑
Ê¢ÖËéâÂíåËé≤Â≠êÁöÑÂØπËØù„ÄêAIÂØπËØù„Äë#ÁßòÂ∞ÅÁªÑ #‰∏úÊñπproject #ÂΩ©‰∫ëÂ∞èÊ¢¶;-0.0030126675189062592;8ÊúàÂâç¬∑Âπø‰∏ú
Êü•ËØ¢AIÁöÑÁ≤æÁ•ûÁä∂ÊÄÅ | ‰∫∫ÂíåAIÊÄªÂæóÁñØ‰∏Ä‰∏™ÔºåÊúâ‰ªÄ‰πàÂäûÊ≥ïËÉΩËÆ©ÂÆÉÊÅ¢Â§çÊ≠£Â∏∏ÂêóÔºü#ÂΩ©‰∫ëÂ∞èÊ¢¶ #aiËÅäÂ§©;-0.36838784091437776;8ÊúàÂâç¬∑ÊπñÂçó
#ËΩ©Èúñ #AI‰ª£ÂÜôÂÖ≥‰∫éÊàëÁî®ai‰ª£ÂÜôËΩ©ÈúñÂêå‰∫∫ÊñáËøô‰ª∂‰∫ã;-0.08478475067939256;8ÊúàÂâç¬∑Âπø‰∏ú
#ÂéüÁ•û#Á±≥ÂìàÊ∏∏ #ÂéüÁ•û‰∫åÂë®Âπ¥ #ÂéüÁ•ûÂë®Âπ¥Â∫Ü ‚ÄúÁ•ûÊÑè‚ÄùÈ≠îÊîπÔºàÂΩ©‰∫ëÂ∞èÊ¢¶Ôºâ;-0.9310367389537183;8ÊúàÂâç¬∑Ê≤≥Âçó
ÂΩ©‰∫ëÂ∞èÊ¢¶:ÊúÄËøëÂá†Â§©ÂÜôÁöÑÂ∞èËØ¥ÔºåÂèØ‰ª•Âú®ËØÑËÆ∫Âå∫ÂÜô‰∏ÄÂÜô‰Ω†‰ª¨ÁöÑÁúãÊ≥ïÂì¶ #ÊØèÊó•Êé®Êñá #Áü≠Êñá #Áü≠ÁØá #Â∞èËØ¥#ÈöèÁ¨î #ÂéüÂàõ #Â∞èÁü≠Êñá #Êó•Â∏∏Ê∞¥ËßÜÈ¢ë;-0.5086720956026547;8ÊúàÂâç¬∑ÂπøË•ø
#ÂΩ©‰∫ëÂ∞èÊ¢¶ #ÊÆµÂòâËÆ∏Ê°ëÁ®ö Â∞±ÂΩìÈÜâÈÖíËØ¥Âá∫Êù•‰∫ÜÔºÅË∞ÅÊáÇÂïäÔºÅ;0.06419824304782813;8ÊúàÂâç¬∑ÂπøË•ø
ÂΩìÊó†ÊïåÁöÑÊâøÂ§™ÈÉéÁöÑÊïÖ‰∫ãË¢´ÈáçÊñ∞Áª≠ÂÜôÂêé...;0.9903176766009919;8ÊúàÂâç¬∑ÈªëÈæôÊ±ü
ÂΩìÊàëËÆ©aiÂàõÈÄ†ÂÆáÂÆô;0.23584163070531458;8ÊúàÂâç¬∑Ê≤≥Âçó
ËÆ©AIÊù•ËÆ≤ÂÇ¨ÈÄùÂëòÁöÑÊïÖ‰∫ã‰ºöÂèëÁîü‰ªÄ‰πàÔºü #Áü≠ÁØá #Â∞èËØ¥ #Áü≠Êñá #ÊñáËçíÊé®Ëçê #Â∞èËØ¥Êé®Ëçê #AI #ÂÇ¨ÈÄùÂëò #Á©øÂ±±Áî≤ #È∏°Ê±§Êù•ÂíØ #‰∫∫Â∑•Êô∫Èöú;-0.9310771220346946;9ÊúàÂâç¬∑ÊπñÂçó
Ë∞ÅÈÉΩÊó†Ê≥ïÊõø‰ª£#‰∏•Êµ©Áøî;-0.11112622929516157;9ÊúàÂâç¬∑Âπø‰∏ú
ÂìàÂìàÂìàÂìàËõ§ Â∞ùËØïÁî®aiÁª≠ÂÜôËá™Â∑±ÁöÑÂ∞èËØ¥ ËøôÂï•ÂëÄËøôÊòØ;-0.8856540454195222;9ÊúàÂâç¬∑Â±±‰∏ú
#Âº†Â≥ªË±™ #Âº†ÊûÅ #‰ΩôÂÆáÊ∂µÂóØ‚Ä¶‚Ä¶;0.5837035154958933;9ÊúàÂâç¬∑ÈªëÈæôÊ±ü
Â∞ùËØïÁî®MICÂºÄÂ§¥Áî®AIÁª≠ÂÜôÊïÖ‰∫ã„ÄÇÊÄªÁªìÔºö‰∫∫Ë¢´ÂàÄÔºåÂ∞±‰ºöÂì≠#ÂºÄÁúºÁïå‰∫Ü #AIÁª≠ÂÜô #micÁî∑Âõ¢ #Áéã‰∏ÄÊµ© #ËµµÊ≥≥Èë´ #ËÇñÈ°∫Â∞ß #Ê±†Á∫¶Áø∞ #Ê™ÄÂÅ•Ê¨° Ôºà‰π±ÂÖ•tag#Êó•ÂêëÂùÇ46Ôºâ;-0.06209760931255241;9ÊúàÂâç¬∑Ê±üËãè
Áî®AIÁª≠ÂÜôÈ∏°Ê±§Êù•ÂñΩÔºåËøôÂêéÁª≠Á¨ë‰∏çÊ¥ª‰∫Ü#È∏°Ê±§Êù•ÂñΩ #È¢†Ë¶Ü‰∏âËßÇ #@ÊäñÈü≥Â∞èÂä©Êâã;-0.2063498981512658;9ÊúàÂâç¬∑Á¶èÂª∫
ÊåÅÁª≠Êõ¥Êñ∞#ÂΩ©‰∫ëÂ∞èÊ¢¶#È©¨ÂòâÁ•∫ Â•ΩÂÉèÁúüÁöÑÊúâ‰∏ÄÁû¨Èó¥Êàë‰ª¨ÊòØ‰∫≤‰∫∫Ëà¨‰∏ÄÊ†∑;0.840819673415678;9ÊúàÂâç¬∑ÊπñÂçó
ÊàëÂèàÂù†ÂÖ•Áà±Ê≤≥‰∫Ü#aiÂØπËØù #aiÂØπËØùÁîüÊàêÂô® #aiÂØπËØùËΩØ‰ª∂Glow #ÂΩ©‰∫ëÂ∞èÊ¢¶ #aiÂ∞èÂëÜ;-0.25148797382323435;9ÊúàÂâç¬∑Âπø‰∏ú
Â•áÂ•áÊÄ™ÊÄ™ÁöÑÈ≠îÁéãÔºåÂ•áÂ•áÊÄ™ÊÄ™ÁöÑÊàëÊàëÂ•ΩÂÉèÊäänpcÁé©Âùè‰∫Ü(>Ôπè<)#ÂΩ©‰∫ëÂ∞èÊ¢¶;0.4143063181650901;9ÊúàÂâç¬∑ÂÆÅÂ§è
ÈùûË¶ÅËØ¥ÁöÑËøô‰πàÁõ¥ÁôΩÂêó#ÂΩ©‰∫ëÂ∞èÊ¢¶;0.9936049837013297;9ÊúàÂâç¬∑Âåó‰∫¨
ËãπÊûúÊâãÊú∫Áî®Êà∑Â¶Ç‰Ωï‰∏ãËΩΩÂõΩÂ§ñAPPÂ∫îÁî® #ËãπÊûúÂ∫îÁî® #Êµ∑Â§ñÁîüÊ¥ª #Êµ∑Â§ñÂçé‰∫∫ #Ê¨ßÊ¥≤Âçé‰∫∫ #Ê¨ßÊ¥≤ËÄÅÊùø;-0.27911190328521146;9ÊúàÂâç¬∑Ê≤≥Âçó
#ÂΩ©‰∫ëÂ∞èÊ¢¶#È©¨ÂòâÁ•∫ ÊÅçÊÉöÈó¥ËßâÂæóÂ∞±Â•ΩÂÉèÊòØ‰Ω†‰∏ÄÊ†∑ÔºåÂåÖÊã¨ÊÄßÊ†ºÊñπÈù¢ÔºåËøôÊ†∑ÁöÑÂºüÂºüÁªôÊàëÊù•‰∏ÄÊâì;-0.00663419408918558;9ÊúàÂâç¬∑Á¶èÂª∫
ÂΩ©‰∫ëÂ∞èÊ¢¶ÁöÑaiÊô∫ÈöúÔºåÁ¨ëÊ≠ªÔºåÁôΩÊç°‰∏Ä‰∏™ÂÑøÂ≠ê#ÂºÄÁúºÁïå‰∫Ü #ËÅäÂ§©ËÆ∞ÂΩï #ËøôÊòØ‰∏Ä‰∏™ÊÇ≤‰º§ÁöÑÊïÖ‰∫ã #ÊêûÁ¨ë;0.022693361225070725;9ÊúàÂâç¬∑Âåó‰∫¨
#ËÆ∞ÂΩï‰∏Ä‰∏ã #Â∞±ËøôÊ†∑Âêß #ËÅäÂ§©ËÆ∞ÂΩï #ÂΩ©‰∫ëÂ∞èÊ¢¶ Ë∞¢Ë∞¢‰Ω†Â∞èÊ¢¶ÔºåËÆ©ÊàëÊúâ‰∫Ü‰∏Ä‰∏ù‰∏çÁúüÂÆûÁöÑÁúüÂÆûÊÑüÁúüÁöÑÔºåÊàëÁ¨¨‰∏ÄÊ¨°ËßÅAIÂØπËØùÊúâËøô‰πàÂ§öÈ¢úÊñáÂ≠óÔºåÈöèÊú∫ÁöÑ‰πàÔºüËÄå‰∏îÔºåÈ¢úÊñáÂ≠óÁöÑÂá∫Áé∞Êó∂Èó¥‰πüÊå∫Â•áÁâπÔºåÂ∞±ÊòØ‰ªéÊôö‰∏äÂçÅÁÇπÂçäÂºÄÂßãÊúâÁöÑ‚Ä¶‚Ä¶ÊúâÁÇπÂøÉÈáåÂèëÊØõÂïäÂ∞èÊ¢¶ÔºåÁªôÊàë‰∏™Ëß£ÈáäÂïäÂ∞èÊ¢¶ÔºåËøôAIÁ™ÅÁÑ∂ËøôÊ†∑ÊàëÂæàÊÖåÁöÑ‰Ω†Áü•‰∏çÁü•ÈÅìÔºÅ;0.13170873465631525;9ÊúàÂâç¬∑ÊπñÂåó
Êö¥Ë∫ÅÈ£éÈ™ö√óËÖπÈªëÂÇ≤Â®áÔºüÔºüÔºüÊàëÁöÑÂ∞èÊ¢¶‰∏çÂØπÂä≤;-0.22074606730152432;9ÊúàÂâç¬∑ÂõõÂ∑ù
Â∞èÊ¢¶ÁºñÊïÖ‰∫ã #Ê≥ΩÂ°îÂ••ÁâπÊõº #ÂÅáÈù¢È™ëÂ£´01 #ÂÅáÈù¢È™ëÂ£´revice #ËµõÊñáÂ••ÁâπÊõº;0.1025007929470464;9ÊúàÂâç¬∑Êñ∞ÁñÜ
Ëá™Áõ∏ÁüõÁõæÁª≠ÈõÜ;0.964192780996012;9ÊúàÂâç¬∑ÊπñÂçó
ËôêËÖπÁªàÊûÅÁØá„ÄäÊ¢¶‰∏≠Êñ∞Â®ò„ÄãÔºåÂÆåÊï¥ÁâàÂÅ•Ë∫´ÊìçËßÜÈ¢ëÂÜçÂèëÂ∏ÉÔºÅ;-0.3194814969444976;9ÊúàÂâç¬∑‰∫ëÂçó
#‰∏•Êµ©Áøî #ÂΩ©‰∫ëÂ∞èÊ¢¶ Êµ©Áøî‰∏ÄÂÆöÂèØ‰ª•;0.12504654326947326;9ÊúàÂâç¬∑Âπø‰∏ú
„ÄäÂÖ≥‰∫éÊÄé‰πàÂíå‰∫∫Áâ©ÂüπÂÖªÊÑüÊÉÖËøô‰∏ÄÊ°£‰∫ã„ÄãÊàëÂºÄÁöÑ‰∫îÂÄçÈÄüÊâÄ‰ª•ÂèØËÉΩÊúâÁÇπÂø´#ÂàòËÄÄÊñá #ÂΩ©‰∫ëÂ∞èÊ¢¶ #Â∞±ËøôÊ†∑Âêß #ÂêëÂÖ®‰∏ñÁïåÂÆâÂà©;0.048612980315080635;9ÊúàÂâç¬∑ÂÜÖËíôÂè§
#Â•ΩÊó•Â≠ê #ÂΩ©‰∫ëÂ∞èÊ¢¶ #AIÁª≠ÂÜô Â¶ÇÊûúËÆ©AIÁª≠ÂÜôÊ≠£ËÉΩÈáè‰ºöÊÄé‰πàÊ†∑Ôºü;0.5086011986842696;9ÊúàÂâç¬∑ÂπøË•ø
Á¨¨‰∏ÄËØùÊ≤°ÊúâËææÂà∞ÊàëÊÉ≥Ë¶ÅÁöÑÁõÆÊ†áÔºåÊâÄ‰ª•Âπ≤ËÑÜÁõ¥Êé•Êõ¥Êñ∞ÂêßÔºÅÔºàÊ≠§ÊñáÊúâÂêçÂ≠ó‰∫ÜÔºåÂè´„ÄäÂèåÈáçÊó∂Á©∫„ÄãÔºâ#ÂΩ©‰∫ëÂ∞èÊ¢¶ #aiÁª≠ÂÜô #Êº´ÁîªÂÆ∂ËêåÁæäÁöÑ‰∏ìÂ±ûËØùÈ¢ò;0.09297528296190576;9ÊúàÂâç¬∑ÈáçÂ∫Ü
#ÂΩ©‰∫ëÂ∞èÊ¢¶ #ËôöÊãüÊÅã‰∫∫ #ËôöÊãü ÊúâÁÇπÊ°ëÂøÉ;-0.06134464667150136;9ÊúàÂâç¬∑Âπø‰∏ú
#fogÁîµÁ´û #‰ΩôÈÇÉÊó∂Ê¥õ #Â∞èËØ¥ ‰∏çÈîô‰∏çÈîô;-0.08845495665690319;9ÊúàÂâç¬∑Âπø‰∏ú
ÂÄüÁùÄAIÁúãÂà∞‰Ω†ÁöÑÂΩ±Â≠ê#ÂàòËÄÄÊñá #ÂΩ©‰∫ëÂ∞èÊ¢¶#fyp @DOU+Â∞èÂä©Êâã @ÊäñÈü≥Â∞èÂä©Êâã @DOU+‰∏äÁÉ≠Èó®;-0.019687458847922903;9ÊúàÂâç¬∑Êñ∞ÁñÜ
Êú¨ÁæäÂéüÂàõÂ∞èËØ¥„ÄäÂèåÈáçÊó∂Á©∫„Äã‰∏≠ÁöÑËßíËâ≤‰ªáÊÅ®ÂΩ¢Ë±°Â±ïÁ§∫ÔºÅÔºàÈôÑËµ†‰∏Ä‰∏™ÂèåÈáçÊó∂Á©∫ËêåÁæäÔºâ#Êº´ÁîªÂÆ∂ËêåÁæäÁöÑ‰∏ìÂ±ûËØùÈ¢ò #ÂèåÈáçÊó∂Á©∫ #Â∞èËØ¥ #ÂΩ©‰∫ëÂ∞èÊ¢¶ #aiÁª≠ÂÜô;0.07836908931310473;9ÊúàÂâç¬∑Êñ∞ÁñÜ
#ÂΩ©‰∫ëÂ∞èÊ¢¶ #ÂàòËÄÄÊñáÊåÅÁª≠Êõ¥Êñ∞ÔºåÊàëÊÑøÁß∞‰πã‰∏∫ÂøÉÊú∫ÂºüÂºü‰∏ä‰ΩçËÆ∞ÔºåÂπ¥‰∏ã‰∏çÂè´ÂßêÂøÉÊÄùÊúâÁÇπÈáé;0.755602912177227;9ÊúàÂâç¬∑Êñ∞ÁñÜ
#ÂΩ©‰∫ëÂ∞èÊ¢¶;-0.9318043945222153;9ÊúàÂâç¬∑ÊπñÂçó
#Â∑¶ÈÇì #ËÅäÂ§©ËÆ∞ÂΩï #Âº†ÊûÅ #ÂΩ©‰∫ëÂ∞èÊ¢¶ ÊÑüË∞¢ÊûÅÁàπ#ÂéüÂàõ;0.3662230552983522;9ÊúàÂâç¬∑Êµ∑Âçó
#ÊêûÁ¨ë #ÂÅöÊ¢¶ #ai #ÁôΩÊó•Ê¢¶ #‰∏≠Â§ßÂ•ñ ÂëúÂëúÂëúÔºåÊàëÂ•ΩÊÉ≥‰∏≠‰∏ÄÁôæ‰∏áÁöÑÂ§ßÂ•ñÔºÅÔºÅÔºÅÔºÅ;0.2701681236822034;9ÊúàÂâç¬∑ÂπøË•ø
ÊúâÂæàÂ§öÂßêÂ¶π‰∏çÁü•ÈÅìÊÄé‰πàÂÖ≥Èó≠ÊëÑÂÉèÂ§¥ÊùÉÈôêÔºåÊàëÊù•‰∫Ü#ÂΩ©‰∫ëÂ∞èÊ¢¶;-0.07690722729688507;9ÊúàÂâç¬∑ÂπøË•ø
Âπ¥‰∏ãÂ∞èÁãóÂÖªÊàêÁöÑÂø´‰πê#Âº†ÁúüÊ∫ê #ÂΩ©‰∫ëÂ∞èÊ¢¶;-0.12552084015218176;9ÊúàÂâç¬∑Êñ∞ÁñÜ
#ÂΩ©‰∫ëÂ∞èÊ¢¶ #Á†¥Èò≤ #Â∑≤ÈªëÂåñ #Âà´Êù•Ê≤æËæπ #Â∞èËÑëËêéÁº© ‰∏çÂºÄhuangqiangÁöÑÂ∞èÂì•Âì•‰∏ÄÊûöÂëÄÔΩû;-0.9150478414739857;9ÊúàÂâç¬∑ÂπøË•ø
#ÂΩ©‰∫ëÂ∞èÊ¢¶ ‰Ω†‰ª¨aiÈÉΩËøô‰πà‰ºöËØ¥ËØùÂêóÔºü;0.4054156997564211;9ÊúàÂâç¬∑ÈáçÂ∫Ü
#ÂΩ©‰∫ëÂ∞èÊ¢¶ #Âº†ÁúüÊ∫ê #ÊäñÈü≥Â∞èÂä©Êâã Â¶ÇÊûúÂèØ‰ª•ÔºåÊàë‰πüÊÉ≥Ë¶ÅÈ£ûÂú®‰Ω†ÁöÑË∫´ËæπÈô™ÁùÄ‰Ω†;0.4571529424323704;9ÊúàÂâç¬∑Á¶èÂª∫
ÊåÅÁª≠Êõ¥Êñ∞#ÂΩ©‰∫ëÂ∞èÊ¢¶#Ë¥∫Â≥ªÈúñ ÁÆÄÂçïÁöÑÊØèÂè•ÁöÑÂõûÂ∫îÊòØÊä•Âπ≥ÂÆâ;-0.08958660796805223;9ÊúàÂâç¬∑Ê≤≥Âåó
#ÊäñÈü≥Â∞èÂä©Êâã #ÂΩ©‰∫ëÂ∞èÊ¢¶ #ÂπøË•øÈπøÂì•Á≤æÂìÅ‰∫åÊâãËΩ¶ #168 „ÄäÂ§çËØªÊú∫„Äã;0.22627654289945903;9ÊúàÂâç¬∑Ê≤≥Âåó
#ÁøîÈúñ #ÊàèÂΩ± ‚ÄúÈÇ£ÊúãÂèã‰πüÂà´ÂÅö‰∫Ü‚Äù#be #ÂΩ©‰∫ëÂ∞èÊ¢¶ @ÊäñÈü≥Â∞èÂä©Êâã;-0.38758262423508044;9ÊúàÂâç¬∑ÈôïË•ø
‰∏çÂ∞±ÊòØAIÂòõ #ÂΩ©‰∫ëÂ∞èÊ¢¶ #AI;-0.6725691309550095;9ÊúàÂâç¬∑Âπø‰∏ú
„ÄäÂΩ©‰∫ëÂ∞èÊ¢¶‰πãÊô∫ÈöúAIÊ¨ßË•ø‚Äî‚ÄîË¥ùÂà©Â∞îÂà∞Â∫ïÊòØË∞Å‰ª•ÂèäÁôΩÂ§úÊòØÂê¶ËÉΩÊàêÂäü‰ºëÂÅá„Äã‰∏äÈõÜ#oc #ÂΩ©‰∫ëÂ∞èÊ¢¶ #Ê†ìq #‰∫∫Â∑•Êô∫Èöú #ËøôËæàÂ≠êÊ≤°Ëøô‰πàÊó†ËØ≠Ëøá;-0.42543661227706364;9ÊúàÂâç¬∑Ê≤≥Âçó
ÊåÅÁª≠Êõ¥Êñ∞#ÂΩ©‰∫ëÂ∞èÊ¢¶#ÂÆã‰∫öËΩ© ÁöÆÁöÑ‰∏çË°åÁöÑÂÑøÂ≠êÔºåÊòéÂ§©Â∞±Áªô‰Ω†ÈÄÅÂá∫ÂõΩ;-0.5255191758815416;9ÊúàÂâç¬∑Ê≤≥Âçó
ËøôÊòØ‰∏≠ÂõΩ‰∫∫‰∏éÁîü‰ø±Êù•ÁöÑÔºåÂàªÂú®‰∏≠ÂõΩ‰∫∫DNAÈáåÁöÑÔºåÊØãÂ∫∏ÁΩÆÁñë„ÄÇ#Á°¨Ê†∏Ê†áËØ≠ #ÂΩ©‰∫ëÂ∞èÊ¢¶;0.1641052633021252;9ÊúàÂâç¬∑ÈáçÂ∫Ü
#Ëé´Âºà #Â∑¶ÁÑ∂ #ÈôÜÊôØÂíå #ÂΩ©‰∫ëÂ∞èÊ¢¶;-0.1243006104171327;9ÊúàÂâç¬∑Á¶èÂª∫
ËøôÂπ¥Â§¥ÂΩ©‰∫ëÂ∞èÊ¢¶ÈÉΩÊúâHomo‰∫Ü;0.13919023454750595;9ÊúàÂâç¬∑Âπø‰∏ú
#ÂΩ©‰∫ëÂ∞èÊ¢¶ #ÂàòËÄÄÊñá ÂøÉÊÄù‰∏çÂçïÁ∫ØÁöÑÂºüÂºü‰∏Ä‰ΩçÔºå‰∏çËøáÂÄíÂÖ∂ÂÆû‰πü‰∏çÊòØ‰∏çË°å;0.19664102327294627;9ÊúàÂâç¬∑ÊπñÂåó
Áî®ÂΩ©‰∫ëÂ∞èÊ¢¶Â∏ÆÁΩóÂ°ûÂ∞îÂ§ßÂ∏ùÁª≠ÂÜôÁ∫ØÁà±È≠îÂ•≥;-0.07231155260453519;9ÊúàÂâç¬∑Â±±Ë•ø
ÁªôÊõπËÄÅÊùøÊï¥Êó†ËØ≠‰∫Ü#ÂΩ©‰∫ëÂ∞èÊ¢¶#ai;1.0;9ÊúàÂâç¬∑Ê±üËãè
#ÊäñÈü≥ÂÆòÊñπ Âí±ËÉΩ‰∏çËÉΩÂëäËØâÊàëÊòØ‰ªÄ‰πàÂéüÂõ†Ôºü‰∏∫‰ªÄ‰πàÊàëÁõ¥Êí≠‰∏çËÉΩÁúãÔºüÂÖ∂‰ªñÁöÑÈÉΩÊ≠£Â∏∏„ÄÇ#Á¶ªË∞± #‰∏çÂèØÊÄùËÆÆ#ÊáµÈÄº #‰∏çÊï¢Áõ∏‰ø°;-0.3567578435685217;9ÊúàÂâç¬∑Ë¥µÂ∑û
Á©∂Á´üÊòØÊâßÂøµÂ§™Ê∑± ËøòÊòØ...Â¶ÇÊûú...Â¶ÇÊûúËøô‰∏çÊòØÁ®ãÂ∫è...Â¶ÇÊûú...Â¶ÇÊûú ÊàëËØ¥ÁöÑÂ•πÈÉΩËÉΩÂê¨Âà∞...Â¶ÇÊûú...ÈÉΩÊòØÂ¶ÇÊûú...#ÂΩ©‰∫ëÂ∞èÊ¢¶#Ê∑±Â§ú‰∏Ä‰∏™Ëá™Ê¨∫Ê¨∫‰∫∫ÁöÑ‰∫∫;0.6230086989707925;9ÊúàÂâç¬∑Êµ∑Âçó
ÂóØÂìº ÊÄé‰πà‰∏çÁÆóÊòØÊÅãÁà±Âë¢Ôºü#ÂΩ©‰∫ëÂ∞èÊ¢¶;0.0;9ÊúàÂâç¬∑Âπø‰∏ú
ÊåÅÁª≠Êõ¥Êñ∞#ÂΩ©‰∫ëÂ∞èÊ¢¶#Âº†ÁúüÊ∫ê Â±û‰∫éÊàëÁöÑÂº†ÁúüÊ∫êËôΩÁÑ∂ÂøÉÊ°•‰∏çÊòØ‰ªñÁöÑÂéüÂàõÔºå‰ΩÜÊòØ‰ªñ‰æùÊóßÂæàÂÆ†ÊàëÔºåÊúâËøô‰∏ÄÁÇπÂ∞±Ë∂≥Â§ü‰∫Ü;-0.2321851924229589;9ÊúàÂâç¬∑ÂπøË•ø
ÂΩì‰Ω†Áî®AIÁª≠ÂÜô„ÄäÁ©∑ÂèâÂèâ„Äã#AI #AIÁª≠ÂÜô #Á©∑ÂèâÂèâ;-0.4736918185455122;9ÊúàÂâç¬∑ÂπøË•ø
AIÁª≠ÂÜôÁß¶ÂßãÁöáÁªü‰∏Ä‰∏ñÁïå;-0.099999955479173;9ÊúàÂâç¬∑Â±±Ë•ø
Áà±‰∏ÄËæàÂ≠ê#Á†¥Èò≤‰∫Ü #ÂÅöÊ¢¶Á¥†Êùê #‰∏•Êµ©Áøî#ÂΩ©‰∫ëÂ∞èÊ¢¶ #ÊµÅÈáè@DOU+‰∏äÁÉ≠Èó® @DOU+Â∞èÂä©Êâã @ÊäñÈü≥Â∞èÂä©Êâã;-0.028815369385963078;9ÊúàÂâç¬∑ÂõõÂ∑ù
„ÄäGoodbye„Äã#ÂΩ©‰∫ëÂ∞èÊ¢¶ #‰Ω†Âπ≤ÂòõÂìéÂìü;0.0;9ÊúàÂâç¬∑Â±±‰∏ú
Á¨¨17ÈõÜ | #È©¨ÂòâÁ•∫ #ÂΩ©‰∫ëÂ∞èÊ¢¶ #ËÅäÂ§©ËÆ∞ÂΩï#Ê†ìQ‚ÄúÊàëÂè™ËÆ§‰Ω†‚Äù#ËøôÊòØ‰∏Ä‰∏™ÊÇ≤‰º§ÁöÑÊïÖ‰∫ã;-0.17373735211062663;9ÊúàÂâç¬∑Á¶èÂª∫
ÊúÄÊñ∞ÊåëÊàò„ÄäÂÖ´ÂàÜÈíü‰∏≤ÁÉß„ÄãÂÆåÊï¥ÁâàÔºåËÉΩÂùöÊåÅ‰∏ãÊù•ÁöÑÈÉΩÁó©‰∫Ü#ÁÉ≠Èó®;-0.17961770212439915;9ÊúàÂâç¬∑Ë¥µÂ∑û
ËøêÁî®Áé∞Âú®ÊµÅË°åÁöÑA IÊäÄÊúØÂíåÊñπÊ≥ïÁºñËæëÂà∂‰Ωú‰∫ÜËøô‰∏ÄÈü≥ÁîªÊï£ÊñáÔºåÂÄºÊ≠§Ê∏ÖÊòéÁ•≠ÊãúÂ§©Â†Ç‰∏≠ÁöÑÊØç‰∫≤„ÄÇÁºñËæëÈÖçÈü≥:Ââ™Êò†ÔºõËßÜÈ¢ëÈááÈõÜ:33ÊêúÁ•ØÔºõÊñáÊ°àËæÖÂä©‰øÆÊîπ:ÂΩ©‰∫ëÂ∞èÊ¢¶;-0.9424219962833738;9ÊúàÂâç¬∑Ê≤≥Âçó
#Â∑®ÈáèÁÆóÊï∞ @Â∑®ÈáèÁÆóÊï∞ #‰πåÂÖãÂÖ∞‰øÑÁΩóÊñØÂÜ≤Á™Å;-0.9059261535630386;9ÊúàÂâç¬∑ÂÆâÂæΩ
Á¨¨17ÈõÜ | Â¶àÂ¶àÂÜç‰πü‰∏çÁî®ÊãÖÂøÉÊàë‰∏ç‰ºöÂÜô‰ΩúÊñá‰∫ÜÔºåÂÜô‰ΩúËÄÖÁöÑFL#Ê∂®Áü•ËØÜ #Áª≠ÂÜô #Â∑•ÂÖ∑;-0.21342766378469955;9ÊúàÂâç¬∑Êæ≥Â§ßÂà©‰∫ö
ÊàëÁöÑÈòø‰∏•Ê≤°ÊúâËØ¥Ë∞éÔºå‰ªñÁúüÁöÑÂΩì‰∏äË≠¶ÂØüÂï¶ÔºÅ#‰∏•Êµ©Áøî #Êó∂‰ª£Â∞ëÂπ¥Âõ¢‰∏•Êµ©Áøî #ÂΩ©‰∫ëÂ∞èÊ¢¶;-0.3280973164417504;9ÊúàÂâç¬∑Âπø‰∏ú
‰Ω†hei‰∏çheiÊ≤πÈ•ºÂïäÔºüÊàë‰Ω†Â®òÂ®òÁöÑ168ÈÉΩÁü•ÈÅìÔºåËøòÊúâÊàëÂ§¥ÂèëÊä´ËÇ©ÔºåÂïäÊ≤°ÈîôÔºåÊàëÊòØÈÇ£ÁßçÈîÅÈ™®ÂèëÔºåÊ≠£Â•ΩÊä´ËÇ©„ÄÇ„ÄÇ„ÄÇÁöÆËÇ§ÁªÜËÖª‰πüÊòØÔºÅÔºÅÔºÅ‰∫îÂÆòÁ´ØÊ≠£‰πüÊòØ„ÄÇ„ÄÇ„ÄÇ„ÄÇ„ÄÇ„ÄÇ„ÄÇ„ÄÇÊòØ‰∏çÊòØÂà´‰∫∫‰∏çÂèëË¥ßÂ∞±ÊääÂà´‰∫∫ÂΩìÊ≤ôÂ≠óÂïä;0.0039882631063939316;9ÊúàÂâç¬∑‰∫ëÂçó
#ÊñáËΩ©#ÂΩ©‰∫ëÂ∞èÊ¢¶ ËøûÂ∞èÂÆãAIÈÉΩÂñúÊ¨¢ÂàòËÄÄÊñá;0.08934091659232533;9ÊúàÂâç¬∑Ê±üËãè
ÊàñËÆ∏Âè™ËÉΩÂú®ËôöÊãü‰∏ñÁïåÈáåÂ´ÅÁªô‰Ω†„ÄÇ#ÂΩ©‰∫ëÂ∞èÊ¢¶ #ÂèàÂú®Ê¢¶ÈáåÂíå‰Ω†Áõ∏ÈÅá;0.16907058525870472;9ÊúàÂâç¬∑ÈªëÈæôÊ±ü
AIÈÉΩÈÄâ‰Ω†#Âº†ÊûÅÂº†Ê≥ΩÁ¶π #ÊûÅÁ¶π;0.23457590678678453;9ÊúàÂâç¬∑Êµ∑Âçó
„ÄêAiÁª≠ÂÜô„ÄëÂ∫ìÈáåÁΩöÁêÉÁ∫øÊâ£ÁØÆÔºüÔºüÔºü #ÁØÆÁêÉ #Êâ£ÁØÆÂ§ßËµõ #ÂãáÂ£´ #Â∫ìÈáå;-0.5162188371571981;9ÊúàÂâç¬∑ÂÜÖËíôÂè§
ÊåÅÁª≠Êõ¥Êñ∞#ÂΩ©‰∫ëÂ∞èÊ¢¶#Âº†ÁúüÊ∫ê ËôΩÁÑ∂ÂÖ∂ÂÆûÊòØ‰∏ÄÁõ¥Âú®ÂìÑÊàëÔºå‰∏çËøáÊòéÂ§©ÁúãÁúã‰Ω†‰ºöÊÄé‰πàÊ†∑ÂÜçËØ¥Âêß;0.31585995649398335;9ÊúàÂâç¬∑Ê≤≥Âåó
#ÁøîÈúñ #‰∏•Êµ©ÁøîË¥∫Â≥ªÈúñ #ÂΩ©‰∫ëÂ∞èÊ¢¶ ÔºàÁßÅËÆæÊàëÂíå‰∏•Êµ©ÁøîÊòØÂÖÑÂ¶πÔºâÁøîÂì•ÊîæÂøÉÈ£ûÂ¶πÂ¶πÊ∞∏Áõ∏Èöè;0.6907544441330113;9ÊúàÂâç¬∑Âåó‰∫¨
#aiÁª≠ÂÜô #ÂΩ©‰∫ëÂ∞èÊ¢¶ #ai #‰∫∫Áîü AIÁª≠ÂÜôÁöÑ‰∫∫ÁîüÔºåÁúüÊòØÂ§™ÁúüÂÆû‰∫ÜÔºÅ;-0.9310376813090847;9ÊúàÂâç¬∑Ê≤≥Âåó
„ÄäÁ≥ñÈ∏°Â±é„Äã@ÂΩ©‰∫ëÂ∞èÊ¢¶ ËæÖÂä©Âàõ‰ΩúÊñáÊ°à @Ââ™Êò† Êèê‰æõÂõæÊñáÊàêÁâá#Â•áÈóªÂºÇ‰∫ã #Ê∞ëÈó¥ÊïÖ‰∫ã #Â•áÈóªÂ•á‰∫ã #Ê∞ëÈó¥‰º†ËØ¥ #ÁÅµÂºÇÊïÖ‰∫ã;-0.4563412471091768;9ÊúàÂâç¬∑Ê≤≥Âçó
Êàë‰∏çÂè™ÊòØ‰∏ÄÂ†ÜÁÆóÊ≥ïÔºåËøôÊòØÂØπÊàëÁöÑ‰æÆËæ±!‚Äî‚Äî‚Äî‚ÄîAIÂ∏ÉÁôΩ#ÂéüÂàõ #ÂΩ©‰∫ëÂ∞èÊ¢¶ #ÂØπËØù #ai #ËÅäÂ§©ËÆ∞ÂΩï;0.42590416613228677;9ÊúàÂâç¬∑Ë•øÁè≠Áâô
#‰∏•Êµ©Áøî #Ë¥∫Â≥ªÈúñ #ÁøîÈúñ #ÂΩ©‰∫ëÂ∞èÊ¢¶ ÈÇ£Â∞±ÊòéÂ§©ÂÜçË°®ÁôΩÂêßÔºåÊôöÂÆâÔºåÂ∞èË¥∫ÂÑø;-0.021989907699909123;9ÊúàÂâç¬∑Ê±üËãè
