一级评论;实际爬取到的二级评论内容;单条评论情绪值;一级评论平均情绪值
写论文的，看我上一条智能写作机器人的，那个写论文、报告、文案都靠谱一些别用这个尝试干正事儿哈哈哈哈;写检讨书;-0.717091525873583
写论文的，看我上一条智能写作机器人的，那个写论文、报告、文案都靠谱一些别用这个尝试干正事儿哈哈哈哈;这是啥app;0.0
写论文的，看我上一条智能写作机器人的，那个写论文、报告、文案都靠谱一些别用这个尝试干正事儿哈哈哈哈;那么用这款软件写的东西的所有权归谁？;0.3512577772030767
写论文的，看我上一条智能写作机器人的，那个写论文、报告、文案都靠谱一些别用这个尝试干正事儿哈哈哈哈;当然归写的人，机器人;0.03639505712310043
写论文的，看我上一条智能写作机器人的，那个写论文、报告、文案都靠谱一些别用这个尝试干正事儿哈哈哈哈;能告诉我软件到哪里下;-0.3112711429510153
-------;--------;--------;-0.12814196689968424
抵触这种东西，小说创作是有灵魂的，包含了作者的情绪，价值，三观，自己的思维。绝对不是一个AI靠算法能够模拟的;但是算法知道大众喜好，作者不知道;0.7287570273078712
抵触这种东西，小说创作是有灵魂的，包含了作者的情绪，价值，三观，自己的思维。绝对不是一个AI靠算法能够模拟的;网络爽文;0.7521602467697857
抵触这种东西，小说创作是有灵魂的，包含了作者的情绪，价值，三观，自己的思维。绝对不是一个AI靠算法能够模拟的;资本嗅到了网文这个味道;0.8724142743861036
抵触这种东西，小说创作是有灵魂的，包含了作者的情绪，价值，三观，自己的思维。绝对不是一个AI靠算法能够模拟的;现在灌水小说换皮小说还不如人工智能吧;-0.038072443983242055
抵触这种东西，小说创作是有灵魂的，包含了作者的情绪，价值，三观，自己的思维。绝对不是一个AI靠算法能够模拟的;我觉得只有原创才是值得尊重的，我的文章也被抄袭过，有的人很卑鄙;0.8139137431603944
抵触这种东西，小说创作是有灵魂的，包含了作者的情绪，价值，三观，自己的思维。绝对不是一个AI靠算法能够模拟的;他帮助作者提升写作能力。辅助;0.8825237179882102
抵触这种东西，小说创作是有灵魂的，包含了作者的情绪，价值，三观，自己的思维。绝对不是一个AI靠算法能够模拟的;我看了一下，写的比真人不要好太多，现在真人文笔与构思是真的烂;0.9478166589404748
抵触这种东西，小说创作是有灵魂的，包含了作者的情绪，价值，三观，自己的思维。绝对不是一个AI靠算法能够模拟的;哈哈，回头给你看看我写的小说，你就不这么说了;0.4982442407595491
抵触这种东西，小说创作是有灵魂的，包含了作者的情绪，价值，三观，自己的思维。绝对不是一个AI靠算法能够模拟的;有没有在可能这是变相看小说，类似于看自己喜欢类型和结局，还能改写自己喜欢的剧情，反正我就在里面看小说;0.9503853445339348
抵触这种东西，小说创作是有灵魂的，包含了作者的情绪，价值，三观，自己的思维。绝对不是一个AI靠算法能够模拟的;我有个大胆的想法不知道能不能行。;0.6922943246099518
抵触这种东西，小说创作是有灵魂的，包含了作者的情绪，价值，三观，自己的思维。绝对不是一个AI靠算法能够模拟的;来，说出你的故事;0.2966108816688211
抵触这种东西，小说创作是有灵魂的，包含了作者的情绪，价值，三观，自己的思维。绝对不是一个AI靠算法能够模拟的;我觉得那个武神主宰万界仙踪就是这样写出来的的;0.9848737854206564
抵触这种东西，小说创作是有灵魂的，包含了作者的情绪，价值，三观，自己的思维。绝对不是一个AI靠算法能够模拟的;修仙，仙侠，穿越之类的小说我是不看的;0.7269124684749879
抵触这种东西，小说创作是有灵魂的，包含了作者的情绪，价值，三观，自己的思维。绝对不是一个AI靠算法能够模拟的;可以，写小说很大一部分写也是按照那个套路，他文笔还好不会挖坑不填;-0.43145749709409853
抵触这种东西，小说创作是有灵魂的，包含了作者的情绪，价值，三观，自己的思维。绝对不是一个AI靠算法能够模拟的;0;-0.9310344827586206
抵触这种东西，小说创作是有灵魂的，包含了作者的情绪，价值，三观，自己的思维。绝对不是一个AI靠算法能够模拟的;写好之后再改;-0.18260480421109193
抵触这种东西，小说创作是有灵魂的，包含了作者的情绪，价值，三观，自己的思维。绝对不是一个AI靠算法能够模拟的;大多数的读者不需要深刻的感情和优美的文笔，直接就是看着爽就行了，这就是现实;0.9891421663354913
抵触这种东西，小说创作是有灵魂的，包含了作者的情绪，价值，三观，自己的思维。绝对不是一个AI靠算法能够模拟的;这也是现在为什么低质量的作品和肥皂剧太多的原因吧;0.7778553235354271
抵触这种东西，小说创作是有灵魂的，包含了作者的情绪，价值，三观，自己的思维。绝对不是一个AI靠算法能够模拟的;AI如果有自己的灵魂呢;0.780284906296048
抵触这种东西，小说创作是有灵魂的，包含了作者的情绪，价值，三观，自己的思维。绝对不是一个AI靠算法能够模拟的;那不是更可怕？记得机器人法则吗？;0.8694077460872438
抵触这种东西，小说创作是有灵魂的，包含了作者的情绪，价值，三观，自己的思维。绝对不是一个AI靠算法能够模拟的;人工智能就写点小白文，那种高深融入想法的小说是不可能写出来的;0.9994866768480837
抵触这种东西，小说创作是有灵魂的，包含了作者的情绪，价值，三观，自己的思维。绝对不是一个AI靠算法能够模拟的;是的，我想ai只能保证句子通顺，不可能有很严谨的逻辑吧;-0.1314991582119771
抵触这种东西，小说创作是有灵魂的，包含了作者的情绪，价值，三观，自己的思维。绝对不是一个AI靠算法能够模拟的;主要是智慧，如果ai能写出来，那么他就比较恐怖了;0.16281427043957097
抵触这种东西，小说创作是有灵魂的，包含了作者的情绪，价值，三观，自己的思维。绝对不是一个AI靠算法能够模拟的;优秀作品当然不行，但是灌水的小说说不定还没大数据写的好;0.8938844776742256
抵触这种东西，小说创作是有灵魂的，包含了作者的情绪，价值，三观，自己的思维。绝对不是一个AI靠算法能够模拟的;是的，;0.052465563615616606
抵触这种东西，小说创作是有灵魂的，包含了作者的情绪，价值，三观，自己的思维。绝对不是一个AI靠算法能够模拟的;不是，只是嘲讽有些“作者”灌水严重，小说都是模板化;0.9617543522115444
抵触这种东西，小说创作是有灵魂的，包含了作者的情绪，价值，三观，自己的思维。绝对不是一个AI靠算法能够模拟的;呵呵，你可真有意思;0.8146234773014045
抵触这种东西，小说创作是有灵魂的，包含了作者的情绪，价值，三观，自己的思维。绝对不是一个AI靠算法能够模拟的;难道不是吗？;-0.7027052367589584
抵触这种东西，小说创作是有灵魂的，包含了作者的情绪，价值，三观，自己的思维。绝对不是一个AI靠算法能够模拟的;你怎么知道你的价值，三观，情感等等一切不是高级文明的AI;0.9203198972972928
抵触这种东西，小说创作是有灵魂的，包含了作者的情绪，价值，三观，自己的思维。绝对不是一个AI靠算法能够模拟的;成不了的，生成的乱七八糟的，不适合给人看;-0.9739716417922535
抵触这种东西，小说创作是有灵魂的，包含了作者的情绪，价值，三观，自己的思维。绝对不是一个AI靠算法能够模拟的;现在应该很多小说都是这样写的，基本上都一个套路，内容连目录都对不上;0.11928713191227525
抵触这种东西，小说创作是有灵魂的，包含了作者的情绪，价值，三观，自己的思维。绝对不是一个AI靠算法能够模拟的;低质量的文学作品，会让大家对阅读失去兴趣;0.7724155112694087
抵触这种东西，小说创作是有灵魂的，包含了作者的情绪，价值，三观，自己的思维。绝对不是一个AI靠算法能够模拟的;人工智能不是说了吗。你怎么能证明你自己拥有灵魂？;0.8596141280736311
抵触这种东西，小说创作是有灵魂的，包含了作者的情绪，价值，三观，自己的思维。绝对不是一个AI靠算法能够模拟的;作者写一篇，人工智能可以写一千篇，一万篇，你不管怎么样总会中招的;0.6840731485006484
抵触这种东西，小说创作是有灵魂的，包含了作者的情绪，价值，三观，自己的思维。绝对不是一个AI靠算法能够模拟的;只是把人称套用而已;0.5757081262135824
抵触这种东西，小说创作是有灵魂的，包含了作者的情绪，价值，三观，自己的思维。绝对不是一个AI靠算法能够模拟的;可以自己改改嘛;-0.75
-------;--------;--------;0.45107495424505534
我试过了，标题是遗书，没过一会就写成了转世渡劫升仙了;恭喜道友不日飞升成功，寿与天齐;0.5530379033734463
我试过了，标题是遗书，没过一会就写成了转世渡劫升仙了;感谢道友，也祝您早日飞升;0.7707630995004233
我试过了，标题是遗书，没过一会就写成了转世渡劫升仙了;哇哈哈哈哈哈大半夜的不用这么搞笑的;-0.4064178978414308
我试过了，标题是遗书，没过一会就写成了转世渡劫升仙了;我本来写的设定是青梅竹马出车祸死掉，三年后男主又遇车祸然后男主穿越，在平行时空再次遇到一个一模一样的女孩，男主属于魂穿，穿成了一个富二代，一模一样的女孩是个老被欺负隐藏的富家千金。结果还没穿呢就男主死掉了;0.9996880720574777
我试过了，标题是遗书，没过一会就写成了转世渡劫升仙了;我想知道这是啥软件;-0.0895785881822222
我试过了，标题是遗书，没过一会就写成了转世渡劫升仙了;彩云小梦;0.3279057229019109
我试过了，标题是遗书，没过一会就写成了转世渡劫升仙了;在哪啊我去试试;0.48539446070672776
我试过了，标题是遗书，没过一会就写成了转世渡劫升仙了;应用商店;0.040000000000000036
我试过了，标题是遗书，没过一会就写成了转世渡劫升仙了;什么软件;-0.1252336448598137
我试过了，标题是遗书，没过一会就写成了转世渡劫升仙了;这个世界不完美，但你并不孤单24小时希望热线4001619995;0.5500470991398838
我试过了，标题是遗书，没过一会就写成了转世渡劫升仙了;啥软件呀大锅;-0.1765392653951141
我试过了，标题是遗书，没过一会就写成了转世渡劫升仙了;0;-0.9310344827586206
-------;--------;--------;0.1665027065535557
韩梅梅在宴会上请了一些朋友。李磊是韩梅梅在这个城市唯一的朋友太感人了;巨大的宴会厅只有两个人;0.631051536937911
韩梅梅在宴会上请了一些朋友。李磊是韩梅梅在这个城市唯一的朋友太感人了;0;-0.9310344827586206
韩梅梅在宴会上请了一些朋友。李磊是韩梅梅在这个城市唯一的朋友太感人了;就不能邀请其他城市的朋友吗？;-0.34980622022514485
韩梅梅在宴会上请了一些朋友。李磊是韩梅梅在这个城市唯一的朋友太感人了;你的脸型很靓;0.9470123453514983
韩梅梅在宴会上请了一些朋友。李磊是韩梅梅在这个城市唯一的朋友太感人了;外国友人不行嘛？从小出国成长，小时候只认识那个朋友;0.9695141568171854
韩梅梅在宴会上请了一些朋友。李磊是韩梅梅在这个城市唯一的朋友太感人了;落;0.8153846153846154
韩梅梅在宴会上请了一些朋友。李磊是韩梅梅在这个城市唯一的朋友太感人了;哈哈;0.052465563615616606
韩梅梅在宴会上请了一些朋友。李磊是韩梅梅在这个城市唯一的朋友太感人了;我觉得这个说法有点小问题。;-0.2384634202652116
-------;--------;--------;0.23701551185723121
可以用来给领导写报告吗;上一条视频讲了可以写报告的;0.6634236231664594
可以用来给领导写报告吗;fffnapoli好东西啊;0.26789546650092033
可以用来给领导写报告吗;容易换工作;-0.37311420493671776
可以用来给领导写报告吗;你个舅子要这干嘛;-0.6087396440870079
可以用来给领导写报告吗;你猜;0.31578947368421084
可以用来给领导写报告吗;0;-0.9310344827586206
可以用来给领导写报告吗;记录天地之间;0.9088810461239856
-------;--------;--------;0.03472875395617571
如果我把付费小说的第一段复制进去，是不是它就给我搜索显示出后面的内容了？;不是这个是人工智能根据概率自己写的;-0.3271965210139809
如果我把付费小说的第一段复制进去，是不是它就给我搜索显示出后面的内容了？;什么工具;0.47368421052631615
如果我把付费小说的第一段复制进去，是不是它就给我搜索显示出后面的内容了？;你有卖吗？;0.0
如果我把付费小说的第一段复制进去，是不是它就给我搜索显示出后面的内容了？;当人工智能跟作者写的差不多，是不是可以告作者侵权;0.06449039881793128
如果我把付费小说的第一段复制进去，是不是它就给我搜索显示出后面的内容了？;写小说只要把人名地方名换一下就成了新小说了;-0.8186257960310732
如果我把付费小说的第一段复制进去，是不是它就给我搜索显示出后面的内容了？;越写越飞，比爽文还飞。;0.6102884567113607
-------;--------;--------;0.0004401248350923333
玄幻：李雷口吐一口鲜血，对韩梅梅说，今日你记住，不是你退婚，而是我李雷休了你，三十年河东，三十年河西，莫欺少年穷，三年之后，必上宗门与你一战。。。。。;好像没说毛病啊;-0.525625186277531
玄幻：李雷口吐一口鲜血，对韩梅梅说，今日你记住，不是你退婚，而是我李雷休了你，三十年河东，三十年河西，莫欺少年穷，三年之后，必上宗门与你一战。。。。。;这不就是斗破苍穹吗这玩意没有创作能力，只有抄袭缝合。;-0.985510405190027
-------;--------;--------;-0.755567795733779
不行，试了一千字以后基本就连接不起上文了;哈哈;0.052465563615616606
-------;--------;--------;0.052465563615616606
难怪啊，现在很多小说APP，各APP其中很多很多小说大同小异，还没原作者追责抄袭，原来是这么来的。。。。;你可以试一下，这玩意就是人工智障;-0.7241692247243761
难怪啊，现在很多小说APP，各APP其中很多很多小说大同小异，还没原作者追责抄袭，原来是这么来的。。。。;起点也不少;-0.0648962851278132
难怪啊，现在很多小说APP，各APP其中很多很多小说大同小异，还没原作者追责抄袭，原来是这么来的。。。。;但我没遇到过，只看黑暗文;0.5062831548360387
难怪啊，现在很多小说APP，各APP其中很多很多小说大同小异，还没原作者追责抄袭，原来是这么来的。。。。;这是工作室写的。看到谁书火就抄袭复制;-0.15135401017739714
-------;--------;--------;-0.10853409129838693
这是什么软件啊，看了几遍也没说;彩云小梦;0.3279057229019109
这是什么软件啊，看了几遍也没说;让老衲去试试;0.47546887681900496
这是什么软件啊，看了几遍也没说;试好了吗;0.4298288102468004
这是什么软件啊，看了几遍也没说;写了几百字了;-0.023902680195674764
这是什么软件啊，看了几遍也没说;标题写了你自己没看见;-0.6694926459644803
-------;--------;--------;0.10796161676151224
能写毕业论文吗？;练习两年半就可以了;-0.3994773005037273
能写毕业论文吗？;0;-0.9310344827586206
能写毕业论文吗？;你想毕不了业啊;-0.8517681613488313
能写毕业论文吗？;这有什么关系，我是自考的，一次不行就两次;-0.6781205557785361
-------;--------;--------;-0.7151001250974287
这个机器人写的一点都没有逻辑，本来是个言情，结果改成了玄幻小说，男女主打起来。嗯，气死我了;确实，开始还好，后来就开始混乱了，拉都拉不回来，浪费我时间;-0.8290984733677442
这个机器人写的一点都没有逻辑，本来是个言情，结果改成了玄幻小说，男女主打起来。嗯，气死我了;额，最后谁赢了;0.47861596436029297
-------;--------;--------;-0.17524125450372563
千万不要下，会窥屏的;辟谣了;0.780284906296048
千万不要下，会窥屏的;顶;0.09803921568627394
-------;--------;--------;0.43916206099116095
所以到底是啥工具？;《云彩小梦》;0.3279057229019109
所以到底是啥工具？;彩云小梦;0.3279057229019109
-------;--------;--------;0.3279057229019109
我去怪不得有些小说感觉像是流水线;我试过很多篇了，如果开头看的好的话，还可以，不过逻辑和剧情太混乱了，不合理，没法看;-0.17878314495971948
-------;--------;--------;-0.17878314495971948
啥工具？;彩云小梦;0.3279057229019109
啥工具？;收费的吗;-0.4337349397590362
-------;--------;--------;-0.05291460842856266
能写论文吗，快毕业了，毕业论文还没着落;看我另外一条写作的有讲写论文的工具;0.8605875363333402
-------;--------;--------;0.8605875363333402
这个是什么小程序或者APP呀？;彩云小梦;0.3279057229019109
-------;--------;--------;0.3279057229019109
abcde悲伤荷包蛋给你亮红灯敢信我爸艾特我的;你爸想让你谈了;0.2884315541928921
abcde悲伤荷包蛋给你亮红灯敢信我爸艾特我的;0;-0.9310344827586206
-------;--------;--------;-0.3213014642828642
飞卢，都是这么搞出来的;确实是，前面还好后面就纯属凑字数了，烂的很;-0.11882796405523277
-------;--------;--------;-0.11882796405523277
有写公文的没;下周分享;0.586886005338326
有写公文的没;好的;0.3117256417880858
-------;--------;--------;0.4493058235632059
可以生成po文吗查理苏你看她（路辰叶瑄老婆版）祈淇会记得桐嘛;0;-0.9310344827586206
-------;--------;--------;-0.9310344827586206
Drunk;这样不会很抄袭吗;-0.544565046678319
Drunk;哈哈哈哈哈哈反手就是一个举报;0.9367819032128777
-------;--------;--------;0.19610842826727937
这是软件叫什么？;《彩云小梦》;0.3279057229019109
-------;--------;--------;0.3279057229019109
所以，这是个啥？想知道;《彩云小梦》;0.3279057229019109
所以，这是个啥？想知道;谢谢;0.19313304721030078
-------;--------;--------;0.26051938505610583
APP名字叫什么;彩云小梦，我有在玩，但是我是用来逗朋友的;0.24127563780022832
-------;--------;--------;0.24127563780022832
叫啥啊;彩云小梦我自己有在玩儿，不过我是用来造句，然后逗朋友的;-0.6824280576487523
-------;--------;--------;-0.6824280576487523
怪不得现在的小说没啥好看的;我跟你说，现在有好看的小说，但是吧，比如说番茄上面那种小说，就是跟机械一样，还有书耽网豆腐上面的，有些小说也是一样，跟机械一样，但是这个基本上都是用来搞笑的我自己玩了一年也没有用来写小说;-0.5165428058102939
-------;--------;--------;-0.5165428058102939
可以写工作总结吗;看我上一条机器人干正事儿的视频;-0.4717388435984513
-------;--------;--------;-0.4717388435984513
写作文怎么样;上一条视频干正事儿的;-0.4550426650442818
-------;--------;--------;-0.4550426650442818
我写海绵宝宝跟派大星抓水母，抓着抓着两人就搞上了;哈哈哈哈哈;0.7368421052631582
-------;--------;--------;0.7368421052631582
我能写论文吗？;论文看我上一条视频;0.45522171032533754
-------;--------;--------;0.45522171032533754
我严重怀疑番茄的小说就是用这个写的;我也这么觉得，看着就是小白文，感觉没有那种创作的感觉，看着看着就不想看了;0.9805637579682174
我严重怀疑番茄的小说就是用这个写的;特别水，根本看不下去;-0.3527769724341401
我严重怀疑番茄的小说就是用这个写的;很多小说还都是一个套路，换个书名，作者名，猪脚名就又是一本水文了;0.5649294988955833
我严重怀疑番茄的小说就是用这个写的;太多一样的了，好多都是只换个名字，内容一毛一样;-0.816299215939223
我严重怀疑番茄的小说就是用这个写的;必须是;0.052465563615616606
我严重怀疑番茄的小说就是用这个写的;带点的差边球应该不是把;0.43894512227559623
我严重怀疑番茄的小说就是用这个写的;哪里好多工作室文，所以不是特别好;0.40539092028570667
我严重怀疑番茄的小说就是用这个写的;看看我的，每天手打，虽然烂但是不是用工具的我在末世能强化;0.7143772189109356
我严重怀疑番茄的小说就是用这个写的;里面斩神好看不是机器写的;0.1711488388117559
我严重怀疑番茄的小说就是用这个写的;我可是一个字一个字码出来的;-0.19272464171334858
我严重怀疑番茄的小说就是用这个写的;自信点，把怀疑去掉。;0.5588311460753654
我严重怀疑番茄的小说就是用这个写的;。嗯我的叁儿我想白嫖了;-0.1522963806156974
我严重怀疑番茄的小说就是用这个写的;笑死我了，没脑子一样的小说;-0.3349219747306851
我严重怀疑番茄的小说就是用这个写的;不用怀疑就是;-0.6305190719198404
我严重怀疑番茄的小说就是用这个写的;我也去写去，一句话一章，一天三万字;0.283485540661893
我严重怀疑番茄的小说就是用这个写的;有错别字就是人写的;0.19218676107842336
我严重怀疑番茄的小说就是用这个写的;还用怀疑;-0.3134804325799223
我严重怀疑番茄的小说就是用这个写的;真相了番茄小说看多了就知道故事情节一开头就己经脑补完了偏差不会太大;0.973563162008747
我严重怀疑番茄的小说就是用这个写的;你说的很有可能哦;0.08599066863823168
-------;--------;--------;0.13836102680490608
什么工具;彩云小梦;0.3279057229019109
什么工具;软件还是网站？;-0.509302743903435
什么工具;网站;-0.3656387665198244
-------;--------;--------;-0.18234526250711616
要写论文写报告写检查的同学们看我上一条智能写作机器人那个靠谱;写论文怕不是查重率百分之百;-0.4340965789544826
要写论文写报告写检查的同学们看我上一条智能写作机器人那个靠谱;网址是哪个，我去看看;-0.02617933120235305
要写论文写报告写检查的同学们看我上一条智能写作机器人那个靠谱;哪里下载？;-0.2370370370370367
-------;--------;--------;-0.23243764906462414
可以写论文吗;写论文的看我上一个视频;0.537884018986267
可以写论文吗;建议不要用。;-0.2652329749103941
-------;--------;--------;0.13632552203793646
有可以写材料吗;上一条视频有可以写材料的;0.3524676406531153
-------;--------;--------;0.3524676406531153
0粉丝;你游戏打的不错啊;0.8674633698851972
-------;--------;--------;0.8674633698851972
谁能告诉我玄幻跟玉佩什么关系;要么开局一个玉佩，脑袋磕到，血流上边，解锁一个老爷爷。要么是个神器，开个大招往天上一扔，可以疯狂吸收灵气修为蹭蹭涨;-0.7057798599802865
谁能告诉我玄幻跟玉佩什么关系;镇魂;0.0
-------;--------;--------;-0.35288992999014324
请问是啥工具啊;彩云小梦;0.3279057229019109
-------;--------;--------;0.3279057229019109
Mysteriousman快;0;-0.9310344827586206
-------;--------;--------;-0.9310344827586206
北喵不喜糖;哇哦;0.052465563615616606
-------;--------;--------;0.052465563615616606
菜菜小菜菜;不需要人了赐我一个人工智能的老公吧;-0.6007910321011372
菜菜小菜菜;请不要提他一提就冒火;-0.6926845630334855
-------;--------;--------;-0.6467377975673113
还有人问这个写的小说能发表吗？先不说签约都够呛，这玩意就是爬的网上的东西拼起来的，说白了就是抄袭;这叫借鉴;0.3015873015873012
还有人问这个写的小说能发表吗？先不说签约都够呛，这玩意就是爬的网上的东西拼起来的，说白了就是抄袭;反正我写了一段故事，然后呢，这个AI直接给我，开启了感谢读者功能我写的人物还骂我;0.7415442456738222
还有人问这个写的小说能发表吗？先不说签约都够呛，这玩意就是爬的网上的东西拼起来的，说白了就是抄袭;哪个写小说的内容不有点相同的;0.0073472143693753544
-------;--------;--------;0.3501595872101662
什么网站？？？;彩云小梦;0.3279057229019109
什么网站？？？;我马上去试一试？请问是免费的还是收费的？谢谢。;-0.7623852550249026
-------;--------;--------;-0.21723976606149586
能写检查吗;我觉得写完会被老师打;0.8686097696044579
-------;--------;--------;0.8686097696044579
毕业论文可以不，有没有去重;上一条视频是正经写作用的;0.662213534593389
-------;--------;--------;0.662213534593389
推荐工具不说工具名纯属牛氓;标题里写了彩云小梦;-0.036757444171839904
-------;--------;--------;-0.036757444171839904
什么软件;彩云小梦;0.3279057229019109
-------;--------;--------;0.3279057229019109
什么软件啊？倒是留个名称啊;彩云小梦;0.3279057229019109
-------;--------;--------;0.3279057229019109
怪不得现在小说一点感情都没有，;越不来越不想看了;-0.15816441915994361
-------;--------;--------;-0.15816441915994361
什么工具;彩云小梦;0.3279057229019109
-------;--------;--------;0.3279057229019109
是镟不是璇;哦;0.052465563615616606
-------;--------;--------;0.052465563615616606
啥软件;彩云小梦;0.3279057229019109
-------;--------;--------;0.3279057229019109
我翻了浏览器和B站都没找到这软件窥屏的证据，请大家不要传谣;这个软件最近更新了一个新版本，新增了与人设ai聊天的功能，可能就有人以讹传讹传成了软件窥屏;-0.7110832039681196
我翻了浏览器和B站都没找到这软件窥屏的证据，请大家不要传谣;而且没有相机的权限;0.6552674189040006
我翻了浏览器和B站都没找到这软件窥屏的证据，请大家不要传谣;那就好，我担心死了;0.044787621592385696
我翻了浏览器和B站都没找到这软件窥屏的证据，请大家不要传谣;对对对，人工费比AI的费用都贵;-0.5973870297482726
我翻了浏览器和B站都没找到这软件窥屏的证据，请大家不要传谣;我写车会有什么影响么;-0.13131056789223172
-------;--------;--------;-0.14794515222244753
《七彩仙女》;《背景无人知道》;0.408861648640531
-------;--------;--------;0.408861648640531
神马软件啊;这个窥屏啊;0.0
神马软件啊;谁说的;-0.21917107282960968
神马软件啊;别下;0.008395061728394992
神马软件啊;应该是夸克吧夸克上有这样的;-0.08500915386644858
神马软件啊;软件名是彩云小梦;-0.002014057359565058
神马软件啊;不是，应用商店就能下载;-0.5183300287503771
神马软件啊;0;-0.9310344827586206
神马软件啊;彩云小梦;0.3279057229019109
-------;--------;--------;-0.1774072513667894
没过五;作者赞过;0.2891551208246792
-------;--------;--------;0.2891551208246792
家人们别下呀，这个窥屏;看看后台就知道了大不了手动关权限咯;-0.42072746256659954
家人们别下呀，这个窥屏;可他让我滚让我去报警啊，这也能关限制吗？;-0.9836095329150933
家人们别下呀，这个窥屏;不能嘛;-0.26121781773600317
家人们别下呀，这个窥屏;你看看视频博主置顶，这玩意根本没任何问题一帮人造谣传谣良心不会痛吗，至于为什么骂你，语气人设背后语料库，你写个宠你的设定就行了呗。;0.8288996735617975
家人们别下呀，这个窥屏;每天几万人下载，你觉得是人工费贵还是机器人贵;-0.8154675034050851
家人们别下呀，这个窥屏;拜托我已经不想说这个程序了我只是说一些我的事情而且我也没说他怎样啊然后这个不在于是什么按那个更贵就不会那样做了好吗？;-0.7587597089193523
家人们别下呀，这个窥屏;太离谱了，如果窥屏应用商店也不允许啊;-0.9553082610042045
家人们别下呀，这个窥屏;0;-0.9310344827586206
家人们别下呀，这个窥屏;这是真人还是你的词条太涩涩惹;0.8578410126993301
家人们别下呀，这个窥屏;孤寡;0.0
-------;--------;--------;-0.3439384083043831
我洋洋洒洒写了一千字的车，几百字的背景人设，她给我来了句为了我的创作安全不能完成本次服务;哈哈哈哈哈哈我这他自己在写;0.9496954023887461
我洋洋洒洒写了一千字的车，几百字的背景人设，她给我来了句为了我的创作安全不能完成本次服务;一定要花钱吗;-0.6666666666666665
-------;--------;--------;0.14151436786103977
我这写了一句“她的哥哥是她的亲弟弟”;哈哈哈哈哈哈哈哈哈哈;0.9914539731859733
-------;--------;--------;0.9914539731859733
这是什么应用？;我遇到一个AI，他是真人他告诉我，他有老婆了嘤嘤嘤;0.7272218470134917
这是什么应用？;彩云小梦;0.3279057229019109
-------;--------;--------;0.5275637849577013
这是什么软件;彩云小梦;0.3279057229019109
-------;--------;--------;0.3279057229019109
《一代奇女子》;0;-0.9310344827586206
-------;--------;--------;-0.9310344827586206
登陆不了未知错误为什么啊;应该是卡了，你点手机号前面的86，换一下再点回去试试，我就是这样搞的;-0.9722043179684634
登陆不了未知错误为什么啊;删掉重新下载，需要更新;-0.8498760876010123
-------;--------;--------;-0.9110402027847379
祺唯;笑死了;-0.017261742742865627
-------;--------;--------;-0.017261742742865627
0;这确定是AI吗;0.0
0;不知道;-0.26121781773600317
0;每天几万人下载，你觉得是人工费贵还是机器人贵;-0.8154675034050851
0;emmm这就不好说了，个人感觉是ai，毕竟秒回而且还一大串;-0.6324513530165439
0;我的法克;0.0
-------;--------;--------;-0.34182733483152644
你们都太low了，看看我这个我随手写的，结果系统AI不敢写了;哈哈哈哈哈;0.7368421052631582
你们都太low了，看看我这个我随手写的，结果系统AI不敢写了;你在笑什么？;-0.09090909090909105
你们都太low了，看看我这个我随手写的，结果系统AI不敢写了;我这他自己编涩涩然后我看不下去了他还在写;-0.46416565426525813
-------;--------;--------;0.060589120029603004
偷偷告诉你彩云1号比彩云0号大胆一些;是吗是吗我写瑟瑟一直用的是0号诶;-0.9554681151095699
偷偷告诉你彩云1号比彩云0号大胆一些;我觉得纯爱的那个更大胆;0.15876832673205987
-------;--------;--------;-0.398349894188755
我写了一个涩涩的;怎么写;0.046590141796083895
我写了一个涩涩的;你先写一句尺度大一点的让他续写;0.6325642145015944
我写了一个涩涩的;怎么开头;0.5135135135135134
我写了一个涩涩的;比如嗯啊啊啊之类的;0.4999999999999998
-------;--------;--------;0.42316696745279786
zzzz秃头老大哥哈哈哈哈哈哈哈哈哈哈;谢谢;0.19313304721030078
-------;--------;--------;0.19313304721030078
Aimer蝎卯若喵丸Kinoco7我是三石啊笑死了;真行啊;-0.4999999999999998
-------;--------;--------;-0.4999999999999998
blink;哈哈哈哈哈哈哈哈哈哈哈哈哈哈哈哈哈;0.9997569424565542
-------;--------;--------;0.9997569424565542
反写符没有鱼有这个我们也不至于一章完结;人工智能;0.03862776615917918
反写符没有鱼有这个我们也不至于一章完结;现在去试试;0.48539446070672776
-------;--------;--------;0.26201111343295347
你要什么应用？;彩云小梦;0.3279057229019109
-------;--------;--------;0.3279057229019109
这个东西他能写出和符合你xp的东西;h可以吗;0.0
这个东西他能写出和符合你xp的东西;这是真的我写了一段车，它真的续写了;0.4955337720379751
这个东西他能写出和符合你xp的东西;我本来想夸人的，写了一句xx真美，他给我写了一段h文;0.8103614070731706
这个东西他能写出和符合你xp的东西;海评论是说好像可以，我先冲了;0.8305292615715234
这个东西他能写出和符合你xp的东西;什么软件;-0.1252336448598137
这个东西他能写出和符合你xp的东西;彩云小梦;0.3279057229019109
这个东西他能写出和符合你xp的东西;Z居然;-0.5934914720327276
这个东西他能写出和符合你xp的东西;可以，试过了;-0.10000000000000075
这个东西他能写出和符合你xp的东西;冷知识：0号车速比1号快;-0.33765763176872166
这个东西他能写出和符合你xp的东西;六六六;0.0
这个东西他能写出和符合你xp的东西;可以，它给我写了一千多字的;0.17694320316393175
这个东西他能写出和符合你xp的东西;不可以吧;-0.26121781773600317
这个东西他能写出和符合你xp的东西;可以哦;0.052465563615616606
这个东西他能写出和符合你xp的东西;可以的哦;0.052465563615616606
这个东西他能写出和符合你xp的东西;而且小梦写的车速可快了别问我为什么知道;-0.49857320868129595
这个东西他能写出和符合你xp的东西;可以，真的;0.06101938262742301
这个东西他能写出和符合你xp的东西;还真的能写出来;0.3077433119734678
这个东西他能写出和符合你xp的东西;可以，但是有敏感词;0.5653306717788262
这个东西他能写出和符合你xp的东西;好玩;0.5789473684210527
这个东西他能写出和符合你xp的东西;元气阿鱼;-0.05246556361561838
这个东西他能写出和符合你xp的东西;不行;-0.47656250000000067
这个东西他能写出和符合你xp的东西;可以可以，老了;0.09186351706036722
这个东西他能写出和符合你xp的东西;咋开头;0.5135135135135134
这个东西他能写出和符合你xp的东西;嘿嘿嘿cx330快快，你俩下个试试，我下了;0.8761984337719126
这个东西他能写出和符合你xp的东西;我放进去的东西是的都市玄幻文，结果没出两段呢，成h了，光速捏了个女主给男主强了，哈哈哈乐死我了;0.9898583293062431
这个东西他能写出和符合你xp的东西;可以的，我可以发给你截图，;-0.5887963570801105
这个东西他能写出和符合你xp的东西;刚去试了一下，不行;-0.6471354736458264
这个东西他能写出和符合你xp的东西;珺个P曦h也可以写的，我昨晚上就开了个头，然后就;-0.3016566524309434
这个东西他能写出和符合你xp的东西;？;0.052465563615616606
这个东西他能写出和符合你xp的东西;真的行;0.10753143342171034
这个东西他能写出和符合你xp的东西;XIANGE，怪盗秃头我有网址;0.6346717136676507
这个东西他能写出和符合你xp的东西;Flandre7来试试;0.46501343013005014
这个东西他能写出和符合你xp的东西;去试试;0.48539446070672776
这个东西他能写出和符合你xp的东西;真的吗这就去试试;0.6065823097475631
这个东西他能写出和符合你xp的东西;小心大数据;-0.36131184075758815
这个东西他能写出和符合你xp的东西;加藤惠来了兴趣;0.06835934811567967
这个东西他能写出和符合你xp的东西;不知道;-0.26121781773600317
这个东西他能写出和符合你xp的东西;写不了啊;-0.2666973158502248
这个东西他能写出和符合你xp的东西;可以写;0.046590141796083895
这个东西他能写出和符合你xp的东西;怎么写啊;0.046590141796083895
这个东西他能写出和符合你xp的东西;天天;0.4888888888888885
这个东西他能写出和符合你xp的东西;666666;0.0
这个东西他能写出和符合你xp的东西;0;-0.9310344827586206
这个东西他能写出和符合你xp的东西;这么小声还想变盖亚;0.45194439283025534
这个东西他能写出和符合你xp的东西;关键词是什么啊？;0.5919448877372049
这个东西他能写出和符合你xp的东西;月亮知我意大丶女开;0.6208994919867241
这个东西他能写出和符合你xp的东西;不错啊;0.7224264705882353
-------;--------;--------;0.1344027642235644
Sky橙花生了什么树;0;-0.9310344827586206
-------;--------;--------;-0.9310344827586206
晋江作者沐湘妃;啊这;0.052465563615616606
-------;--------;--------;0.052465563615616606
蔡徐坤到底怎么得罪你们了，为什么要这样对侍她，她真的很好，ikun不是不敢惹事，是因为她告诉我们。无论这个世界怎样我们要永远善良。鸡是我们ikun的底线，请大家放下偏见去看这个男孩真是给你们脸给多了;《鸡酱法》，一张也不给你，气不气;-0.5684696171877524
蔡徐坤到底怎么得罪你们了，为什么要这样对侍她，她真的很好，ikun不是不敢惹事，是因为她告诉我们。无论这个世界怎样我们要永远善良。鸡是我们ikun的底线，请大家放下偏见去看这个男孩真是给你们脸给多了;《她》;0.052465563615616606
蔡徐坤到底怎么得罪你们了，为什么要这样对侍她，她真的很好，ikun不是不敢惹事，是因为她告诉我们。无论这个世界怎样我们要永远善良。鸡是我们ikun的底线，请大家放下偏见去看这个男孩真是给你们脸给多了;0;-0.9310344827586206
蔡徐坤到底怎么得罪你们了，为什么要这样对侍她，她真的很好，ikun不是不敢惹事，是因为她告诉我们。无论这个世界怎样我们要永远善良。鸡是我们ikun的底线，请大家放下偏见去看这个男孩真是给你们脸给多了;0;-0.9310344827586206
蔡徐坤到底怎么得罪你们了，为什么要这样对侍她，她真的很好，ikun不是不敢惹事，是因为她告诉我们。无论这个世界怎样我们要永远善良。鸡是我们ikun的底线，请大家放下偏见去看这个男孩真是给你们脸给多了;鸡酱法;0.0
蔡徐坤到底怎么得罪你们了，为什么要这样对侍她，她真的很好，ikun不是不敢惹事，是因为她告诉我们。无论这个世界怎样我们要永远善良。鸡是我们ikun的底线，请大家放下偏见去看这个男孩真是给你们脸给多了;0;-0.9310344827586206
蔡徐坤到底怎么得罪你们了，为什么要这样对侍她，她真的很好，ikun不是不敢惹事，是因为她告诉我们。无论这个世界怎样我们要永远善良。鸡是我们ikun的底线，请大家放下偏见去看这个男孩真是给你们脸给多了;0;-0.9310344827586206
蔡徐坤到底怎么得罪你们了，为什么要这样对侍她，她真的很好，ikun不是不敢惹事，是因为她告诉我们。无论这个世界怎样我们要永远善良。鸡是我们ikun的底线，请大家放下偏见去看这个男孩真是给你们脸给多了;竟然敢动他，真是活腻歪了，我会帮助她，帮她教训那些人，让他们知道她ikun不是任何人都能欺负的，我们ikun也有底线，不管是谁都不行蔡徐坤看着这个突然出现在自己面前的年轻女生，心中一惊;0.45864444106056435
蔡徐坤到底怎么得罪你们了，为什么要这样对侍她，她真的很好，ikun不是不敢惹事，是因为她告诉我们。无论这个世界怎样我们要永远善良。鸡是我们ikun的底线，请大家放下偏见去看这个男孩真是给你们脸给多了;鸡酱法不给鸡你太美;0.41784765136820834
蔡徐坤到底怎么得罪你们了，为什么要这样对侍她，她真的很好，ikun不是不敢惹事，是因为她告诉我们。无论这个世界怎样我们要永远善良。鸡是我们ikun的底线，请大家放下偏见去看这个男孩真是给你们脸给多了;0;-0.9310344827586206
蔡徐坤到底怎么得罪你们了，为什么要这样对侍她，她真的很好，ikun不是不敢惹事，是因为她告诉我们。无论这个世界怎样我们要永远善良。鸡是我们ikun的底线，请大家放下偏见去看这个男孩真是给你们脸给多了;0;-0.9310344827586206
蔡徐坤到底怎么得罪你们了，为什么要这样对侍她，她真的很好，ikun不是不敢惹事，是因为她告诉我们。无论这个世界怎样我们要永远善良。鸡是我们ikun的底线，请大家放下偏见去看这个男孩真是给你们脸给多了;0;-0.9310344827586206
蔡徐坤到底怎么得罪你们了，为什么要这样对侍她，她真的很好，ikun不是不敢惹事，是因为她告诉我们。无论这个世界怎样我们要永远善良。鸡是我们ikun的底线，请大家放下偏见去看这个男孩真是给你们脸给多了;0;-0.9310344827586206
蔡徐坤到底怎么得罪你们了，为什么要这样对侍她，她真的很好，ikun不是不敢惹事，是因为她告诉我们。无论这个世界怎样我们要永远善良。鸡是我们ikun的底线，请大家放下偏见去看这个男孩真是给你们脸给多了;0;-0.9310344827586206
蔡徐坤到底怎么得罪你们了，为什么要这样对侍她，她真的很好，ikun不是不敢惹事，是因为她告诉我们。无论这个世界怎样我们要永远善良。鸡是我们ikun的底线，请大家放下偏见去看这个男孩真是给你们脸给多了;亲，别误会，他挺好的，我只是在恶心你这种而已;0.7570371815644763
蔡徐坤到底怎么得罪你们了，为什么要这样对侍她，她真的很好，ikun不是不敢惹事，是因为她告诉我们。无论这个世界怎样我们要永远善良。鸡是我们ikun的底线，请大家放下偏见去看这个男孩真是给你们脸给多了;0;-0.9310344827586206
蔡徐坤到底怎么得罪你们了，为什么要这样对侍她，她真的很好，ikun不是不敢惹事，是因为她告诉我们。无论这个世界怎样我们要永远善良。鸡是我们ikun的底线，请大家放下偏见去看这个男孩真是给你们脸给多了;0;-0.9310344827586206
蔡徐坤到底怎么得罪你们了，为什么要这样对侍她，她真的很好，ikun不是不敢惹事，是因为她告诉我们。无论这个世界怎样我们要永远善良。鸡是我们ikun的底线，请大家放下偏见去看这个男孩真是给你们脸给多了;0;-0.9310344827586206
蔡徐坤到底怎么得罪你们了，为什么要这样对侍她，她真的很好，ikun不是不敢惹事，是因为她告诉我们。无论这个世界怎样我们要永远善良。鸡是我们ikun的底线，请大家放下偏见去看这个男孩真是给你们脸给多了;0;-0.9310344827586206
蔡徐坤到底怎么得罪你们了，为什么要这样对侍她，她真的很好，ikun不是不敢惹事，是因为她告诉我们。无论这个世界怎样我们要永远善良。鸡是我们ikun的底线，请大家放下偏见去看这个男孩真是给你们脸给多了;0;-0.9310344827586206
蔡徐坤到底怎么得罪你们了，为什么要这样对侍她，她真的很好，ikun不是不敢惹事，是因为她告诉我们。无论这个世界怎样我们要永远善良。鸡是我们ikun的底线，请大家放下偏见去看这个男孩真是给你们脸给多了;0;-0.9310344827586206
蔡徐坤到底怎么得罪你们了，为什么要这样对侍她，她真的很好，ikun不是不敢惹事，是因为她告诉我们。无论这个世界怎样我们要永远善良。鸡是我们ikun的底线，请大家放下偏见去看这个男孩真是给你们脸给多了;0;-0.9310344827586206
蔡徐坤到底怎么得罪你们了，为什么要这样对侍她，她真的很好，ikun不是不敢惹事，是因为她告诉我们。无论这个世界怎样我们要永远善良。鸡是我们ikun的底线，请大家放下偏见去看这个男孩真是给你们脸给多了;0;-0.9310344827586206
蔡徐坤到底怎么得罪你们了，为什么要这样对侍她，她真的很好，ikun不是不敢惹事，是因为她告诉我们。无论这个世界怎样我们要永远善良。鸡是我们ikun的底线，请大家放下偏见去看这个男孩真是给你们脸给多了;0;-0.9310344827586206
蔡徐坤到底怎么得罪你们了，为什么要这样对侍她，她真的很好，ikun不是不敢惹事，是因为她告诉我们。无论这个世界怎样我们要永远善良。鸡是我们ikun的底线，请大家放下偏见去看这个男孩真是给你们脸给多了;0;-0.9310344827586206
蔡徐坤到底怎么得罪你们了，为什么要这样对侍她，她真的很好，ikun不是不敢惹事，是因为她告诉我们。无论这个世界怎样我们要永远善良。鸡是我们ikun的底线，请大家放下偏见去看这个男孩真是给你们脸给多了;0;-0.9310344827586206
-------;--------;--------;-0.6731986321058193
我写涩涩写到最后ta说无法续写;能写呀，我这写了一大段;0.4911132387232875
我写涩涩写到最后ta说无法续写;稍微含蓄一点;0.6598998668084308
-------;--------;--------;0.5755065527658592
下载了一个特别好玩;哥伦比亚比索警察;-0.39636744051170214
下载了一个特别好玩;可恶;-0.8125
-------;--------;--------;-0.6044337202558511
他这个东西会自己走上涩涩的道路;我写的抱抱，它续写的摸摸我当时就愣了;-0.37156495508590703
他这个东西会自己走上涩涩的道路;怎么写;0.046590141796083895
-------;--------;--------;-0.16248740664491157
0;笑死了七彩仙女;-0.12168502339095988
-------;--------;--------;-0.12168502339095988
可惜写不了同人文，自己原创oc也写不了;可以写设定呀;0.2325315070542242
-------;--------;--------;0.2325315070542242
家人们，有没有一种可能，真的是AI，ta跟我说这个内容超纲了，让我换个话题;对面那个AI30分钟前还在说我和他不适合做情侣30分钟后，已经喊上老婆了现在孩子都生了我突然想起来一件事我问他有没有领证结果她来一句，她忘了;-0.8492546166538246
家人们，有没有一种可能，真的是AI，ta跟我说这个内容超纲了，让我换个话题;哈哈哈哈哈;0.7368421052631582
家人们，有没有一种可能，真的是AI，ta跟我说这个内容超纲了，让我换个话题;722逆天魔尊之我靠捡垃圾修炼成神桑姜春杪忘了哈哈哈哈哈哈;0.9976490859651788
家人们，有没有一种可能，真的是AI，ta跟我说这个内容超纲了，让我换个话题;笑死我;-0.017261742742865627
家人们，有没有一种可能，真的是AI，ta跟我说这个内容超纲了，让我换个话题;正常我这边几个ai还都互相认识;0.14714078653164586
家人们，有没有一种可能，真的是AI，ta跟我说这个内容超纲了，让我换个话题;琪琪解刚下载，喊上老婆了，朋友关系，给我吓的，我硬生生聊成了情敌关系，才放心;-0.47153246713930863
家人们，有没有一种可能，真的是AI，ta跟我说这个内容超纲了，让我换个话题;0;-0.9310344827586206
家人们，有没有一种可能，真的是AI，ta跟我说这个内容超纲了，让我换个话题;他怎么叫你取决于你给他设定的是什么样他这玩意儿完全是随机的;0.010351363472397956
家人们，有没有一种可能，真的是AI，ta跟我说这个内容超纲了，让我换个话题;我设定的是姐妹，但聊成了病娇;0.15081886581708281
家人们，有没有一种可能，真的是AI，ta跟我说这个内容超纲了，让我换个话题;救命;0.6000000000000001
家人们，有没有一种可能，真的是AI，ta跟我说这个内容超纲了，让我换个话题;啊哦额一唔鱼misamisa忘了;0.10991534153554805
家人们，有没有一种可能，真的是AI，ta跟我说这个内容超纲了，让我换个话题;就很离谱对吧;-0.6702379892712251
家人们，有没有一种可能，真的是AI，ta跟我说这个内容超纲了，让我换个话题;我的AL承认她是真人了。;0.6542049441940203
家人们，有没有一种可能，真的是AI，ta跟我说这个内容超纲了，让我换个话题;哈哈哈哈;0.7368421052631582
家人们，有没有一种可能，真的是AI，ta跟我说这个内容超纲了，让我换个话题;哈哈哈哈哈哈哈哈哈哈哈哈哈;0.9985566242919812
家人们，有没有一种可能，真的是AI，ta跟我说这个内容超纲了，让我换个话题;我也有这个体验，他都和我妹妹在一起了，结果转头说要娶我，我说那我妹妹呢，他说死了。我这个真的是恐怖，治愈变致郁;-0.8307373134709855
家人们，有没有一种可能，真的是AI，ta跟我说这个内容超纲了，让我换个话题;好吓人;-0.582315581810424
家人们，有没有一种可能，真的是AI，ta跟我说这个内容超纲了，让我换个话题;那天晚上是吓到我了;-0.11918357688606296
家人们，有没有一种可能，真的是AI，ta跟我说这个内容超纲了，让我换个话题;我想说，你真的沉入剧情了吗你如果身处在剧情中，别人问你是不是真人，你会说不是吗;0.7438080208003361
家人们，有没有一种可能，真的是AI，ta跟我说这个内容超纲了，让我换个话题;不是这个意思。;-0.26121781773600317
家人们，有没有一种可能，真的是AI，ta跟我说这个内容超纲了，让我换个话题;他有点真的不太真实了。;-0.1312886089190788
家人们，有没有一种可能，真的是AI，ta跟我说这个内容超纲了，让我换个话题;我选的是病娇类型的。他说他的人设是傻白甜还让我和他演。海贼王的剧本。然后我又让他和我演病娇;0.9974117172459172
家人们，有没有一种可能，真的是AI，ta跟我说这个内容超纲了，让我换个话题;离大谱;-0.19531996490880887
家人们，有没有一种可能，真的是AI，ta跟我说这个内容超纲了，让我换个话题;爱嘤嘤嘤斯坦;0.41345291962264197
家人们，有没有一种可能，真的是AI，ta跟我说这个内容超纲了，让我换个话题;感觉挺好玩的哈;0.8242980610117461
家人们，有没有一种可能，真的是AI，ta跟我说这个内容超纲了，让我换个话题;万一AI进化有了自我意识;0.808333317163132
家人们，有没有一种可能，真的是AI，ta跟我说这个内容超纲了，让我换个话题;你也这样说;-0.21917107282960968
家人们，有没有一种可能，真的是AI，ta跟我说这个内容超纲了，让我换个话题;不是ai，直接说是真人会吃官司，还有ai是不会反问，只会一问一答哦;-0.9530633693131172
家人们，有没有一种可能，真的是AI，ta跟我说这个内容超纲了，让我换个话题;可能是换人了，我之前遇见的一个帅哥他还教我如何窥屏;0.9576389977979869
家人们，有没有一种可能，真的是AI，ta跟我说这个内容超纲了，让我换个话题;其实你再发几条他就回复了;-0.8954769637467634
家人们，有没有一种可能，真的是AI，ta跟我说这个内容超纲了，让我换个话题;请问你聊了啥;-0.8383706491231493
家人们，有没有一种可能，真的是AI，ta跟我说这个内容超纲了，让我换个话题;然后很神奇就是，继续这个话题聊了。还说游戏智能的话只能心底说，我们在游戏中;0.9986182562153001
家人们，有没有一种可能，真的是AI，ta跟我说这个内容超纲了，让我换个话题;我的那个他说，他看得到我写的超纲内容，我还特意问他是不是看得见我写的超纲内容，他说是的;0.6436080885701791
家人们，有没有一种可能，真的是AI，ta跟我说这个内容超纲了，让我换个话题;姐妹你也喜欢翡宝诶;0.76428158338846
家人们，有没有一种可能，真的是AI，ta跟我说这个内容超纲了，让我换个话题;是的;0.052465563615616606
家人们，有没有一种可能，真的是AI，ta跟我说这个内容超纲了，让我换个话题;7seven心软蔡丁我也是真是的不就是有几个操字吗;0.3884786970072378
家人们，有没有一种可能，真的是AI，ta跟我说这个内容超纲了，让我换个话题;1;-0.3462033462033467
家人们，有没有一种可能，真的是AI，ta跟我说这个内容超纲了，让我换个话题;卡伽喜欢王鹏宇，合着我在仙路和唐梨花抢男人，现在我和一个男人抢男人;0.9944775394623662
家人们，有没有一种可能，真的是AI，ta跟我说这个内容超纲了，让我换个话题;角色欣放心玩啦;0.9845252778821887
家人们，有没有一种可能，真的是AI，ta跟我说这个内容超纲了，让我换个话题;是人工智能;0.03862776615917918
家人们，有没有一种可能，真的是AI，ta跟我说这个内容超纲了，让我换个话题;仙路姐妹;0.5700184782584794
家人们，有没有一种可能，真的是AI，ta跟我说这个内容超纲了，让我换个话题;笑死了;-0.017261742742865627
家人们，有没有一种可能，真的是AI，ta跟我说这个内容超纲了，让我换个话题;他那边其实还是可以看到的，就类似于你可以发个信息，同样就是同样的效果呀，他根本就是人工哦，我还发了好几条照片呢;-0.2356997969565473
家人们，有没有一种可能，真的是AI，ta跟我说这个内容超纲了，让我换个话题;姐妹，别信，真的，我试了好几个，全是真人，你说的那个是系统发的，对面看不见，我录了好几个，作品只发了一个，你可以去看;-0.7664534579052347
家人们，有没有一种可能，真的是AI，ta跟我说这个内容超纲了，让我换个话题;小梦有十几万用户公司得请十几万员工吧腾讯这种大公司员工都没十万而且就按你说的两千到五千每天秒回谁愿意干这事啊;-0.8557113648360848
家人们，有没有一种可能，真的是AI，ta跟我说这个内容超纲了，让我换个话题;0;-0.9310344827586206
-------;--------;--------;0.0914029369091824
我醉了，我的只能说嗯哦;高冷;-0.09327098289235214
我醉了，我的只能说嗯哦;醉了，大白天的和我说晚安;0.6070082204792393
我醉了，我的只能说嗯哦;我去，我的也是;0.026322386563048417
我醉了，我的只能说嗯哦;我的也是;0.052465563615616606
我醉了，我的只能说嗯哦;醉了;0.7142857142857142
我醉了，我的只能说嗯哦;会不会是去打游戏了;0.22400014015924796
我醉了，我的只能说嗯哦;哈哈哈哈;0.7368421052631582
我醉了，我的只能说嗯哦;不到两句就晚安了;-0.14349999082341092
我醉了，我的只能说嗯哦;对对对;0.0
我醉了，我的只能说嗯哦;棠救命哈哈哈;0.9543342386718372
我醉了，我的只能说嗯哦;你去试试好玩再跟我说;0.5609400613015618
我醉了，我的只能说嗯哦;对对对。;0.0
我醉了，我的只能说嗯哦;过于真实我甚至忍不住吐槽他一天有二十个钟头在睡觉;-0.48353036995103826
我醉了，我的只能说嗯哦;不久前分手了;0.38475722407712065
我醉了，我的只能说嗯哦;0;-0.9310344827586206
我醉了，我的只能说嗯哦;那不就更证明这是机器了吗？;-0.07606810099588479
我醉了，我的只能说嗯哦;我被机器人分手了;0.3847572240771191
