发布者;群体情绪;时间
第1集 | AI绘画实验#midjourney #AI绘画 #ai绘画生成 好好玩呀好方便呀@抖音小助手;0.025915923455221684;3周前·云南
第4集 | 新AI绘图神器发布！！比ChatGPT和Midjourney更方便使用 #AI绘画 #ClipDrop;0.0013193235430666679;3周前·江苏
从零开始的最完整演示 包含每一个步骤 #midjourney #midjourney教程;-0.17208445591531668;1天前·湖南
微软BING刚上线AI绘画功能，效果堪比Midjourney#人工智能 #微软 #AI绘画 #midjourney;-0.032053505555578655;3周前·内蒙古
你也可以！详细教程，现如今Ai绘画是如何完成的？#电脑知识 #ai绘画;-0.013577381428368226;3周前·广东
用AI来做LOGO和包装特别好玩#midjourney #ai绘画 #插画 #包装设计 #设计师 @抖音小助手;-0.0369206745748169;3周前·重庆
第18集 | 实测推荐，5款好用到爆的AI绘图工具，国内就能用，赶快收藏！#ai绘画 #aigc #ai工具 #文心一格 #设计分享;0.007241847937199601;3周前·四川
你必须学会的AI作图工具，碾压真人拍摄和手绘画师，电商行业都开始用AI作图卖货#ai绘画 #人工智能 #ai #跨境电商 #chatgpt应用领域;-0.04454343851456738;3周前·广东
1分钟画出170多幅画！AI绘出全景西湖 这样的画风你喜欢吗@抖音小助手 #西湖美景 #AI绘画;-0.04930466545633099;2周前·山东
家人们，一键生成Ai绘画特效来了，大家快来试试吧#ai绘画 #二次元 #一键生成你的漫画头像 #漫画脸;-0.27356064092906335;2周前·韩国
不要再纠结设计师和插画师会不会被AI代替了，大家一定要主动去接触AI，不要排斥！#midjourney #ai绘画 #ai绘画生成软件 #设计师 #插画师;0.03480104129036191;3周前·陕西
Adobe ai工具也来啦～ #ai绘画 #人工智能 #adobefirefly #设计;-0.04818341390708623;3周前·广东
第15集 | Midjourney-V5模式更新体验midjourney的V5来啦，虽然是测试版本，但是也非常惊艳，特别在以下几个使用场景#midjourney #ai绘画 #ai #aigc #艺术 #ai#ai插画 #AI #ai画图 #ai教程;-0.22916968769104507;3周前·北京
第12集 | 峡谷英雄遇到ai，铠爹亮了#ai绘画;-0.4271378883978492;3周前·上海
“谁能拒绝一个正面走来的小姨呢？”#原神 #ai绘画 #申鹤 #风花的呼吸;-0.5579877596364824;2周前·湖南
卷死了！微软也发布了AI绘图工具 #微软 #人工智能 #ai绘画 #ai #adobe;-0.07679257638497644;3周前·广东
不会画手的真的不用再焦虑了！#procreate #画画 #画手 #ai画画;0.13638150650811748;3周前·湖南
第2集 | AI绘图关键词词库网站，prompt网站#midjourney #stablediffusion #ai绘图;0.03219303936602985;1周前·湖北
第49集 | 一个新手每天只发这种虚拟风景视频，短短20多天的时间，粉丝做到十万以上！他从哪找的素材？教你…#知识分享 #干货分享 #虚拟绘画 #AI绘画;-0.2560145753890179;6天前·广东
#文心一言作画脑洞有多大 救命！你们ai是懂绘画的！;1.0;1天前·广东
Ai放大图片，用Ai去战胜Ai #Ai绘画 #ai绘画生成 #C4D;-0.05099826398307761;6天前·上海
第14集 | Midjourney入门至精通教学11速收藏！如何1:1的通过人物图片加关键词描述来生成不同风格图片人物头像#ai绘画 #ai #人像精修 #修图前vs修图后 #干货分享 #百万修图师;-0.06505493421823758;1周前·广西
#二次元漫画 #二次元 #二次元世界 #次元ai绘画 #ai漫画;-0.01120898933867943;2天前·湖北
第16集 | AI可能懂的不止军装#ai绘画 #军装 #绅士 #型男 #大叔;0.19390787097706844;2天前·广东
你敢信吗？这张火爆全网的情侣照竟是AI画的，你能找出破绽吗？网友惊呼：太可怕了;0.057639065716695956;5天前·江苏
第91集 | 爆火情侣照竟不是真人！实现这炸裂效果的AI是Midjourney V5，“画手”问题也能很好拿捏，逼真效果“吓坏”网友。 #ai画图 #人工智能 #Midjourney;0.10346315478368583;6天前·广东
第13集 | 分享一个好玩的后期Ai补光技术#有ai就有无限可能 #玩儿个很新的东西 #大数据推荐给有需要的人 #ai绘画 #科技改变生活;0.076100120117772;6天前·河南
第1集 | 怎么用AI绘画生成一个爱笑的甜妹，测试一下LORA/ChilloutMixss，#AI绘画 #手机壁纸#AI绘画教程 #ai绘画教程;-0.04684808661717058;1周前·重庆
1.AI生成画面 2.鞋子产品是由C4D渲染替换AI，配合角度光影3文字设计小库里里 关键词:中国帅哥穿着运动鞋带着墨镜坐在权力的游戏的铁王座上，运动鞋广告，未来城市街道为背景，地上的水，暖色，酷，仰视角度，居中构图，赛博朋克，摄影，8k;0.019832737518263612;1周前·广东
看不惯那些贩卖焦虑的，大家理性看待#ai绘画 #ai #midjourney #aigc #设计师#视觉传达 #设计专业;0.08899261849177559;1周前·湖南
当王者英雄都变成女的，这也太好看了吧！#王者 #游戏 #热门;0.128426425102714;1周前·四川
设计草图找灵感，插件ControlNet#ai绘画 #板绘 #零基础学画画 #板绘 #stablediffusion;0.03751880467987559;1周前·海南
第12集 | 前一段给大家分享的这个关键词，我看到大家很多人都不太会用ai的关键词，或者根据关键词生成出出来的图片和自己预想的差距很大，我拿一个实际案例给大家讲一下。#Midjourney#ai绘画 #ai绘画生成 #ui设计 #运营设计 #视觉设计 #视觉传达;-0.08684832526449124;1周前·福建
该来的迟早要来 官方妮露舞蹈Ai重绘源视频来自官方角色演示与花神之舞 侵删#ai绘画#二次元#ai动画#妮露;0.14222707177340624;1周前·江西
十二星座男神版插画 合集#ai绘画 #midjourney #美出高级感 #ai艺术狂想;-0.15269387819784902;1周前·福建
#二次元ai绘画 #二点五次元的诱惑 #女朋友壁纸系列 #美女壁纸高清全屏 #美出高级感 孑然一身，孤独前行，披荆斩棘，风雨兼程，如果有一天发现他就在灯火阑珊处，那我也断然不肯回头，因为我的心早已寄往不远的远方;0.03525039931097135;1周前·江苏
没必要焦虑Ai取代设计师，放宽心态把它当作一个设计辅助工具就好啦。 #c4d #视觉艺术 #设计师 #ai;0.06827110236030873;1周前·广东
凭什么让你三分#抖音本地流量来了 #梦回诗里的江南#ai绘画 #手机壁纸 #可爱到爆炸;-0.6304685917158546;1周前·河南
第13集 | Midjourney关键词 第二波分享，这个素材库风格很多！地址在视频最后！#Midjourney #ai绘画生成 #ai绘画 #chatgpt #UI设计 #平面设计 #视觉设计;-0.1318141471358227;1周前·山东
第47集 | 阿里巴巴实现AI打字生成视频，AI自导自演来了？【科技又有料】#AI #阿里巴巴 #达摩院 #人工智能 #AI绘画 #马云;0.0029614168465933203;1周前·江苏
[AI绘画]nude mv #gidle回归#ilove#nudeMV#nude #nxde #女娃新曲 #田小娟 #赵美延#宋雨琦 #叶舒华 #金米妮;-0.04479204574289027;1周前·江苏
